symbol,name,industry,sector,market_cap,exchange
CIPLA,Cipla Limited,Drug Manufacturers - General,Healthcare,1343428100096,BSE
SBIN,State Bank of India,Banks - Regional,Financial Services,7112913584128,BSE
JSWSTEEL,JSW Steel Limited,Steel,Basic Materials,2504669265920,BSE
TRENT,Trent Limited,Apparel Retail,Consumer Cyclical,2706091540480,BSE
LICHSGFIN,LIC Housing Finance Limited,Mortgage Finance,Financial Services,362656497664,BSE
MRF,MRF Limited,Auto Parts,Consumer Cyclical,594488393728,BSE
VEDL,Vedanta Limited,Other Industrial Metals & Mining,Basic Materials,2015141691392,BSE
ONGC,Oil and Natural Gas Corporation Limited,Oil & Gas Integrated,Energy,3676592668672,BSE
AMBUJACEM,Ambuja Cements Limited,Building Materials,Basic Materials,1556199112704,BSE
HINDALCO,Hindalco Industries Limited,Aluminum,Basic Materials,1691116371968,BSE
ASHOKLEY,Ashok Leyland Limited,Farm & Heavy Construction Machinery,Industrials,699310800896,BSE
TATACOMM,Tata Communications Limited,Telecom Services,Communication Services,614830505984,BSE
BPCL,Bharat Petroleum Corporation Limited,Oil & Gas Refining & Marketing,Energy,1572309434368,BSE
NESTLEIND,Nestlé India Limited,Packaged Foods,Consumer Defensive,2610021269504,BSE
INDHOTEL,The Indian Hotels Company Limited,Lodging,Consumer Cyclical,969640574976,BSE
MOTHERSON,Samvardhana Motherson International Limited,Auto Parts,Consumer Cyclical,1482898800640,BSE
NMDC,NMDC Limited,Steel,Basic Materials,714629251072,BSE
BANKBARODA,Bank of Baroda Limited,Banks - Regional,Financial Services,1287410024448,BSE
BSOFT,Birlasoft Limited,Information Technology Services,Technology,164306223104,BSE
UNIONBANK,Union Bank of India,Banks - Regional,Financial Services,930155397120,BSE
DIVISLAB,Divi's Laboratories Limited,Drug Manufacturers - Specialty & Generic,Healthcare,1439850692608,BSE
PETRONET,Petronet LNG Limited,Oil & Gas Refining & Marketing,Energy,516374986752,BSE
COFORGE,Coforge Limited,Information Technology Services,Technology,475264188416,BSE
BAJAJ-AUTO,Bajaj Auto Limited,Auto Manufacturers,Consumer Cyclical,3404091359232,BSE
LTIM,LTIMindtree Limited,Information Technology Services,Technology,1856999391232,BSE
ABB,ABB India Limited,Specialty Industrial Machinery,Industrials,1751546724352,BSE
AEGISLOG,Aegis Logistics Limited,Oil & Gas Refining & Marketing,Energy,268006047744,BSE
ARE&M,Amara Raja Energy & Mobility Limited,Electrical Equipment & Parts,Industrials,258266562560,BSE
AMBALALSA,Ambalal Sarabhai Enterprises Limited,Unknown,Unknown,4432470016,BSE
ANDHRAPET,The Andhra Petrochemicals Limited,Unknown,Unknown,8187863552,BSE
UTIQUE,Unknown,Unknown,Unknown,0,BSE
ARUNAHTEL,Aruna Hotels Limited,Unknown,Unknown,108720000,BSE
BOMDYEING,The Bombay Dyeing and Manufacturing Company Limited,Textile Manufacturing,Consumer Cyclical,46831812608,BSE
ASIANHOTNR,Asian Hotels (North) Limited,Lodging,Consumer Cyclical,4090035200,BSE
ATUL,Atul Ltd,Specialty Chemicals,Basic Materials,235896520704,BSE
ATVPR,ATV Projects India Limited,Unknown,Unknown,1871325952,BSE
BAJAJELEC,Bajaj Electricals Limited,"Furnishings, Fixtures & Appliances",Consumer Cyclical,111812927488,BSE
BAJAJHIND,Bajaj Hindusthan Sugar Limited,Confectioners,Consumer Defensive,53985542144,BSE
FORCEMOT,Force Motors Limited,Auto Manufacturers,Consumer Cyclical,100400766976,BSE
BAJFINANCE,Bajaj Finance Limited,Credit Services,Financial Services,4763795062784,BSE
BALRAMCHIN,Balrampur Chini Mills Limited,Confectioners,Consumer Defensive,137169141760,BSE
BANCOINDIA,Banco Products (India) Limited,Auto Parts,Consumer Cyclical,53524520960,BSE
CENTURYTEX,Aditya Birla Real Estate Limited,Paper & Paper Products,Basic Materials,319229952000,BSE
BANARISUG,Bannari Amman Sugars Limited,Confectioners,Consumer Defensive,46598778880,BSE
BASF,BASF India Limited,Specialty Chemicals,Basic Materials,342484320256,BSE
BATAINDIA,Bata India Limited,Footwear & Accessories,Consumer Cyclical,183448027136,BSE
BEML,BEML Limited,Conglomerates,Industrials,152918605824,BSE
BEL,Bharat Electronics Limited,Aerospace & Defense,Industrials,2075612151808,BSE
BEPL,Bhansali Engineering Polymers Limited,Chemicals,Basic Materials,38622760960,BSE
BIHSPONG,Bihar Sponge Iron Limited,Unknown,Unknown,1916864768,BSE
BINANIIND,Binani Industries Limited,Specialty Chemicals,Basic Materials,615718464,BSE
BIRLACABLE,Birla Cable Limited,Communication Equipment,Technology,7592999936,BSE
BLUESTARCO,Blue Star Limited,Building Products & Equipment,Industrials,431513927680,BSE
DISAQ,Disa India Limited,Unknown,Unknown,25883232256,BSE
QUESTCAP,Unknown,Unknown,Unknown,0,BSE
BPL,BPL Limited,Consumer Electronics,Technology,5384888832,BSE
OAL,Oriental Aromatics Limited,Specialty Chemicals,Basic Materials,17467899904,BSE
CENTEXT,Century Extrusions Limited,Aluminum,Basic Materials,1948800000,BSE
CESC,CESC Limited,Utilities - Regulated Electric,Utilities,266307010560,BSE
CHAMBLFERT,Chambal Fertilisers and Chemicals Limited,Agricultural Inputs,Basic Materials,219176665088,BSE
EXIDEIND,Exide Industries Limited,Auto Parts,Consumer Cyclical,435114999808,BSE
CIPLA,Cipla Limited,Drug Manufacturers - General,Healthcare,1343428100096,BSE
DICIND,DIC India Limited,Specialty Chemicals,Basic Materials,6701114368,BSE
CRISIL,CRISIL Limited,Financial Data & Stock Exchanges,Financial Services,339361562624,BSE
CGPOWER,CG Power and Industrial Solutions Limited,Electrical Equipment & Parts,Industrials,1148278145024,BSE
DABUR,Dabur India Limited,Household & Personal Products,Consumer Defensive,1096882716672,BSE
DALMIASUG,Dalmia Bharat Sugar and Industries Limited,Confectioners,Consumer Defensive,45953286144,BSE
ARVIND,Arvind Limited,Textile Manufacturing,Consumer Cyclical,94183538688,BSE
BHEL,Bharat Heavy Electricals Limited,Specialty Industrial Machinery,Industrials,976021356544,BSE
HINDPETRO,Hindustan Petroleum Corporation Limited,Oil & Gas Refining & Marketing,Energy,946668503040,BSE
IFCI,IFCI Limited,Credit Services,Financial Services,170249256960,BSE
MTNL,Mahanagar Telephone Nigam Limited,Telecom Services,Communication Services,34423197696,BSE
MRPL,Mangalore Refinery and Petrochemicals Limited,Oil & Gas Refining & Marketing,Energy,316957720576,BSE
CHENNPETRO,Chennai Petroleum Corporation Limited,Oil & Gas Refining & Marketing,Energy,139350917120,BSE
SBIN,State Bank of India,Banks - Regional,Financial Services,7112913584128,BSE
SAIL,Steel Authority of India Limited,Steel,Basic Materials,582404734976,BSE
TITAN,Titan Company Limited,Luxury Goods,Consumer Cyclical,3349501706240,BSE
IDBI,IDBI Bank Limited,Banks - Regional,Financial Services,944060760064,BSE
DCW,DCW Limited,Chemicals,Basic Materials,31398588416,BSE
DHAMPURSUG,Dhampur Sugar Mills Limited,Confectioners,Consumer Defensive,14934526976,BSE
DIAMINESQ,Diamines and Chemicals Limited,Chemicals,Basic Materials,5471207424,BSE
ELANTAS,ELANTAS Beck India Limited,Unknown,Unknown,100520214528,BSE
DRREDDY,Dr. Reddy's Laboratories Limited,Drug Manufacturers - Specialty & Generic,Healthcare,1123994566656,BSE
EIDPARRY,E.I.D.- Parry (India) Limited,Agricultural Inputs,Basic Materials,154234699776,BSE
PGHL,Procter & Gamble Health Limited,Drug Manufacturers - Specialty & Generic,Healthcare,91845304320,BSE
ELECTCAST,Electrosteel Castings Limited,Building Products & Equipment,Industrials,131518865408,BSE
ESABINDIA,ESAB India Limited,Tools & Accessories,Industrials,95622086656,BSE
EPL,EPL Limited,Packaging & Containers,Consumer Cyclical,84479729664,BSE
ESTER,Ester Industries Limited,Specialty Chemicals,Basic Materials,14242646016,BSE
FGP,FGP Limited,Unknown,Unknown,130845000,BSE
PHCAP,P.H. Capital Limited,Unknown,Unknown,603170112,BSE
FINCABLES,Finolex Cables Limited,Electrical Equipment & Parts,Industrials,217356910592,BSE
COCKERILL,Unknown,Unknown,Unknown,0,BSE
UFLEX,Uflex Limited,Packaging & Containers,Consumer Cyclical,51071586304,BSE
FOSECOIND,Foseco India Limited,Chemicals,Basic Materials,30210830336,BSE
GOLDENTOBC,Golden Tobacco Limited,Tobacco,Consumer Defensive,745028352,BSE
GANESHBE,Ganesh Benzoplast Limited,Specialty Chemicals,Basic Materials,10553646080,BSE
METROGLOBL,MetroGlobal Limited,Unknown,Unknown,2409524992,BSE
GTL,GTL Limited,Telecom Services,Communication Services,2051152768,BSE
GODFRYPHLP,Godfrey Phillips India Limited,Tobacco,Consumer Defensive,353585758208,BSE
GODREJIND,Godrej Industries Limited,Conglomerates,Industrials,401122164736,BSE
KANSAINER,Kansai Nerolac Paints Limited,Specialty Chemicals,Basic Materials,251734818816,BSE
GOODRICKE,Goodricke Group Limited,Unknown,Unknown,5792039936,BSE
GOODYEAR,Goodyear India Limited,Auto Parts,Consumer Cyclical,26822879232,BSE
GTNINDS,GTN Industries Limited,Unknown,Unknown,671271104,BSE
GHCL,GHCL Limited,Chemicals,Basic Materials,65252110336,BSE
GFLLIMITED,GFL Limited,Entertainment,Communication Services,10068851712,BSE
GLFL,Gujarat Lease Financing Limited,Shell Companies,Financial Services,189880608,BSE
HCL-INSYS,HCL Infosystems Limited,Electronics & Computer Distribution,Technology,7127395840,BSE
HDFCBANK,HDFC Bank Limited,Banks - Regional,Financial Services,13172233732096,BSE
HEROMOTOCO,Hero MotoCorp Limited,Auto Manufacturers,Consumer Cyclical,1149904224256,BSE
HFCL,HFCL Limited,Communication Equipment,Technology,221606150144,BSE
HSCL,Himadri Speciality Chemical Limited,Specialty Chemicals,Basic Materials,329466019840,BSE
HCC,Hindustan Construction Company Limited,Engineering & Construction,Industrials,73041182720,BSE
HINDOILEXP,Hindustan Oil Exploration Company Limited,Oil & Gas E&P,Energy,30554744832,BSE
AGI,AGI Greenpac Limited,Packaging & Containers,Consumer Cyclical,62604439552,BSE
HINDZINC,Hindustan Zinc Limited,Other Industrial Metals & Mining,Basic Materials,2196532494336,BSE
NDLVENTURE,NDL Ventures Limited,Entertainment,Communication Services,3846980352,BSE
HMT,HMT Limited,Farm & Heavy Construction Machinery,Industrials,29763885056,BSE
PRAGBOS,Prag Bosimi Synthetics Limited,Unknown,Unknown,229099632,BSE
HLVLTD,HLV Limited,Lodging,Consumer Cyclical,11438161920,BSE
IGPL,I G Petrochemicals Limited,Chemicals,Basic Materials,18233600000,BSE
INDIAGLYCO,India Glycols Limited,Chemicals,Basic Materials,41977602048,BSE
INDLEASE,India Lease Development Limited,Unknown,Unknown,170817488,BSE
MARGOFIN,Margo Finance Limited,Unknown,Unknown,231699008,BSE
INDORAMA,Indo Rama Synthetics (India) Limited,Textile Manufacturing,Consumer Cyclical,12768425984,BSE
INFY,Infosys Limited,Information Technology Services,Technology,7887637184512,BSE
INGERRAND,Ingersoll-Rand (India) Limited,Specialty Industrial Machinery,Industrials,131712745472,BSE
ITHL,International Travel House Limited,Unknown,Unknown,5152455168,BSE
IONEXCHANG,Ion Exchange (India) Limited,Pollution & Treatment Controls,Industrials,78699790336,BSE
ATFL,Agro Tech Foods Limited,Packaged Foods,Consumer Defensive,20952723456,BSE
JISLJALEQS,Jain Irrigation Systems Limited,Conglomerates,Industrials,44252303360,BSE
JASCH,Unknown,Unknown,Unknown,0,BSE
JINDALPOLY,Jindal Poly Films Limited,Specialty Chemicals,Basic Materials,32388800512,BSE
JSWSTEEL,JSW Steel Limited,Steel,Basic Materials,2504669265920,BSE
UMANGDAIRY,Unknown,Packaged Foods,Consumer Defensive,2169515520,BSE
KAJARIACER,Kajaria Ceramics Limited,Building Products & Equipment,Industrials,235821285376,BSE
KAKATCEM,Kakatiya Cement Sugar and Industries Limited,Building Materials,Basic Materials,1742899328,BSE
KSL,Kalyani Steels Limited,Steel,Basic Materials,37406343168,BSE
KANELIND,Kanel Industries Limited,Unknown,Unknown,32774072,BSE
WHIRLPOOL,Whirlpool of India Limited,"Furnishings, Fixtures & Appliances",Consumer Cyclical,289693204480,BSE
KGDENIM,K G Denim Limited,Unknown,Unknown,702475712,BSE
KINETICENG,Kinetic Engineering Limited,Unknown,Unknown,3109630208,BSE
KIRLOSBROS,Kirloskar Brothers Limited,Specialty Industrial Machinery,Industrials,144956964864,BSE
KIRLOSIND,Kirloskar Industries Limited,Metal Fabrication,Industrials,57099730944,BSE
KIRLFER,Kirloskar Ferrous Industries Limited,Metal Fabrication,Industrials,112023085056,BSE
ENVAIREL,Envair Electrodyne Limited,Unknown,Unknown,742400000,BSE
KOTAKBANK,Kotak Mahindra Bank Limited,Banks - Regional,Financial Services,3737466961920,BSE
KRIFILIND,Unknown,Unknown,Unknown,0,BSE
KSB,KSB Limited,Specialty Industrial Machinery,Industrials,157862084608,BSE
LGBBROSLTD,L.G. Balakrishnan & Bros Limited,Auto Parts,Consumer Cyclical,44228382720,BSE
TRENT,Trent Limited,Apparel Retail,Consumer Cyclical,2706091540480,BSE
LAXMIMACH,LMW Limited,Specialty Industrial Machinery,Industrials,195221143552,BSE
LICHSGFIN,LIC Housing Finance Limited,Mortgage Finance,Financial Services,362656497664,BSE
LUPIN,Lupin Limited,Drug Manufacturers - Specialty & Generic,Healthcare,1000891809792,BSE
LYKALABS,Lyka Labs Limited,Biotechnology,Healthcare,5075118080,BSE
RAMCOCEM,The Ramco Cements Limited,Building Materials,Basic Materials,207440887808,BSE
HYBRIDFIN,Hybrid Financial Services Limited,Capital Markets,Financial Services,371780480,BSE
MAFATIND,Mafatlal Industries Limited,Unknown,Unknown,2390236160,BSE
MAHSEAMLES,Maharashtra Seamless Limited,Steel,Basic Materials,86489653248,BSE
MAHSCOOTER,Maharashtra Scooters Ltd.,Auto Parts,Consumer Cyclical,135708344320,BSE
MAJESAUT,Majestic Auto Limited,Unknown,Unknown,4412178944,BSE
MANALIPETC,Manali Petrochemicals Limited,Specialty Chemicals,Basic Materials,14152078336,BSE
BARODARY,ISTX EUROPE S-FACT.NR EO,Unknown,Unknown,0,BSE
MFSL,Max Financial Services Limited,Insurance - Life,Financial Services,407607934976,BSE
MIDINDIA,Mid India Industries Limited,Unknown,Unknown,0,BSE
MIRCELECTR,MIRC Electronics Limited,"Furnishings, Fixtures & Appliances",Consumer Cyclical,5614467072,BSE
CENTENKA,Century Enka Limited,Textile Manufacturing,Consumer Cyclical,15250626560,BSE
MODTHREAD,Unknown,Unknown,Unknown,2044434048,BSE
LORDSCHLO,Lords Chloro Alkali Limited,Chemicals,Basic Materials,3389488128,BSE
SPICEJET,SpiceJet Limited,Unknown,Unknown,40896733184,BSE
MOREPENLAB,Morepen Laboratories Limited,Drug Manufacturers - Specialty & Generic,Healthcare,48066523136,BSE
MRF,MRF Limited,Auto Parts,Consumer Cyclical,594488393728,BSE
HEIDELBERG,HeidelbergCement India Limited,Building Materials,Basic Materials,50538713088,BSE
NCC,NCC Limited,Engineering & Construction,Industrials,191084969984,BSE
VEDL,Vedanta Limited,Other Industrial Metals & Mining,Basic Materials,2015141691392,BSE
NAHARSPING,Nahar Spinning Mills Limited,Textile Manufacturing,Consumer Cyclical,10853852160,BSE
NAPEROL,Unknown,Unknown,Unknown,0,BSE
GRASIM,Grasim Industries Limited,Building Materials,Basic Materials,1879979458560,BSE
PEL,Piramal Enterprises Limited,Financial Conglomerates,Financial Services,247726915584,BSE
NIITLTD,NIIT Limited,Education & Training Services,Consumer Defensive,22970591232,BSE
JAYKAY,Jaykay Enterprises Limited,Unknown,Unknown,3707909632,BSE
NIRLON,Nirlon Limited,Unknown,Unknown,37552173056,BSE
ONGC,Oil and Natural Gas Corporation Limited,Oil & Gas Integrated,Energy,3676592668672,BSE
OILCOUNTUB,Oil Country Tubular Limited,Oil & Gas Equipment & Services,Energy,2459395840,BSE
ORIENTHOT,Oriental Hotels Limited,Lodging,Consumer Cyclical,31415564288,BSE
OSWALAGRO,Oswal Agro Mills Limited,Real Estate - Development,Real Estate,11861005312,BSE
INDSUCR,Indian Sucrose Limited,Unknown,Unknown,1989160448,BSE
PANCM,Unknown,Unknown,Unknown,0,BSE
RELIANCE,Reliance Industries Limited,Oil & Gas Refining & Marketing,Energy,19823700475904,BSE
PILITA,Pil Italica Lifestyle Limited,"Furnishings, Fixtures & Appliances",Consumer Cyclical,3691849984,BSE
RAYMOND,Raymond Limited,Textile Manufacturing,Consumer Cyclical,115955826688,BSE
PIDILITIND,Pidilite Industries Limited,Specialty Chemicals,Basic Materials,1698844246016,BSE
PIXTRANS,PIX Transmissions Limited,Specialty Industrial Machinery,Industrials,21771708416,BSE
BIRLACORPN,Birla Corporation Limited,Building Materials,Basic Materials,99217473536,BSE
SURYAROSNI,Surya Roshni Limited,Steel,Basic Materials,78888894464,BSE
PRIMESECU,Prime Securities Limited,Capital Markets,Financial Services,9108228096,BSE
PRSMJOHNSN,Prism Johnson Limited,Building Materials,Basic Materials,102181470208,BSE
RAIN,Rain Industries Limited,Chemicals,Basic Materials,61517676544,BSE
PRUDMOULI,Prudential Sugar Corporation Ltd.,Unknown,Unknown,1856425216,BSE
AMJLAND,AMJ Land Holdings Limited,Real Estate - Development,Real Estate,2084440064,BSE
PUNJCOMMU,Punjab Communications Limited,Unknown,Unknown,672239488,BSE
RSWM,RSWM Limited,Textile Manufacturing,Consumer Cyclical,9891356672,BSE
RAJSREESUG,Rajshree Sugars and Chemicals Limited,Confectioners,Consumer Defensive,2579275008,BSE
RALLIS,Rallis India Limited,Agricultural Inputs,Basic Materials,63863615488,BSE
RAMANEWS,Shree Rama Newsprint Limited,Beverages - Non-Alcoholic,Consumer Defensive,3072883200,BSE
RAMAPPR-B,Rama Paper Mills Limited,Unknown,Unknown,163913808,BSE
RAPICUT,Rapicut Carbides Limited,Unknown,Unknown,783126784,BSE
WELSPLSOL,Unknown,Unknown,Unknown,0,BSE
ROLTA,Rolta India Limited,Information Technology Services,Technology,598866496,BSE
RUBFILA,Rubfila International Limited,Specialty Chemicals,Basic Materials,4429855744,BSE
PATANJALI,Patanjali Foods Limited,Packaged Foods,Consumer Defensive,615768981504,BSE
SALORAINTL,Salora International Limited,Unknown,Unknown,515667424,BSE
JINDALSAW,Jindal Saw Limited,Steel,Basic Materials,233948037120,BSE
JKLAKSHMI,JK Lakshmi Cement Limited,Building Materials,Basic Materials,92412559360,BSE
SHREECEM,Shree Cement Limited,Building Materials,Basic Materials,956217884672,BSE
SKPMIL,Shree Krishna Paper Mills & Industries Limited,Unknown,Unknown,581162688,BSE
SILVERLINE,Unknown,Unknown,Unknown,0,BSE
RELINFRA,Reliance Infrastructure Limited,Utilities - Independent Power Producers,Utilities,131425435648,BSE
TATAPOWER,The Tata Power Company Limited,Utilities - Independent Power Producers,Utilities,1536958529536,BSE
SPMLINFRA,SPML Infra Limited,Engineering & Construction,Industrials,16026683392,BSE
SUNDRMFAST,Sundram Fasteners Limited,Auto Parts,Consumer Cyclical,294588940288,BSE
SUNFLAG,Sunflag Iron and Steel Company Limited,Steel,Basic Materials,43937394688,BSE
SPLPETRO,Supreme Petrochem Limited,Specialty Chemicals,Basic Materials,164009361408,BSE
SWARAJENG,Swaraj Engines Limited,Auto Parts,Consumer Cyclical,39016517632,BSE
TATAELXSI,Tata Elxsi Limited,Software - Application,Technology,483781705728,BSE
ACC,ACC Limited,Building Materials,Basic Materials,471251484672,BSE
THERMAX,Thermax Limited,Conglomerates,Industrials,574236065792,BSE
TIRUMALCHM,Thirumalai Chemicals Limited,Specialty Chemicals,Basic Materials,34212950016,BSE
THOMASCOOK,Thomas Cook (India) Limited,Travel Services,Consumer Cyclical,95520915456,BSE
TIMEX,Timex Group India Limited,Unknown,Unknown,13572726784,BSE
TOKYOPLAST,Tokyo Plast International Limited,Packaging & Containers,Consumer Cyclical,1190905600,BSE
TORNTPHARM,Torrent Pharmaceuticals Limited,Drug Manufacturers - Specialty & Generic,Healthcare,1140559577088,BSE
TPINDIA,Unknown,Unknown,Unknown,0,BSE
TRANSCHEM,Transchem Limited,Unknown,Unknown,509061600,BSE
AMBUJACEM,Ambuja Cements Limited,Building Materials,Basic Materials,1556199112704,BSE
UTLINDS,UTL Industries Limited,Unknown,Unknown,127535848,BSE
UNIENTER,Unknown,Chemicals,Basic Materials,12309606400,BSE
VHL,Vardhman Holdings Limited,Credit Services,Financial Services,13471968256,BSE
HINDALCO,Hindalco Industries Limited,Aluminum,Basic Materials,1691116371968,BSE
WSTCSTPAPR,West Coast Paper Mills Limited,Paper & Paper Products,Basic Materials,41141862400,BSE
HOCL,Hindustan Organic Chemicals Limited,Unknown,Unknown,3069138944,BSE
MPILCORPL,MPIL Corporation Limited,Unknown,Unknown,332657824,BSE
PASUPTAC,Pasupati Acrylon Limited,Textile Manufacturing,Consumer Cyclical,4669683200,BSE
KORE,Kore Foods Limited,Unknown,Unknown,83530504,BSE
PGHH,Procter & Gamble Hygiene and Health Care Limited,Household & Personal Products,Consumer Defensive,543070060544,BSE
MUKANDLTD,Mukand Limited,Steel,Basic Materials,23480600576,BSE
BBOX,Black Box Limited,Software - Application,Technology,84785438720,BSE
UCAL,UCAL Limited,Auto Parts,Consumer Cyclical,4335371264,BSE
HARRMALAYA,Harrisons Malayalam Limited,Farm Products,Consumer Defensive,4814091264,BSE
FEDERALBNK,The Federal Bank Limited,Banks - Regional,Financial Services,483383836672,BSE
TATASTEEL,Tata Steel Limited,Steel,Basic Materials,2085128634368,BSE
SKFINDIA,SKF India Limited,Tools & Accessories,Industrials,269350584320,BSE
ASHOKLEY,Ashok Leyland Limited,Farm & Heavy Construction Machinery,Industrials,699310800896,BSE
CUMMINSIND,Cummins India Limited,Specialty Industrial Machinery,Industrials,1074413305856,BSE
TATACOMM,Tata Communications Limited,Telecom Services,Communication Services,614830505984,BSE
ABBOTINDIA,Abbott India Limited,Drug Manufacturers - General,Healthcare,617131737088,BSE
BAJAJHLDNG,Bajaj Holdings & Investment Limited,Asset Management,Financial Services,1180439805952,BSE
BHARATFORG,Bharat Forge Limited,Auto Parts,Consumer Cyclical,711908851712,BSE
ESCORTS,Escorts Kubota Limited,Farm & Heavy Construction Machinery,Industrials,456874885120,BSE
HINDMOTORS,Hindustan Motors Limited,Auto Manufacturers,Consumer Cyclical,5790287360,BSE
LT,Larsen & Toubro Limited,Engineering & Construction,Industrials,5023550930944,BSE
M&M,Mahindra & Mahindra Limited,Auto Manufacturers,Consumer Cyclical,3530915840000,BSE
BOSCHLTD,Bosch Limited,Auto Parts,Consumer Cyclical,1116506685440,BSE
BPCL,Bharat Petroleum Corporation Limited,Oil & Gas Refining & Marketing,Energy,1572309434368,BSE
SIEMENS,Siemens Limited,Specialty Industrial Machinery,Industrials,2677523873792,BSE
TATAMOTORS,Tata Motors Limited,Auto Manufacturers,Consumer Cyclical,3943647674368,BSE
VOLTAS,Voltas Limited,Specialty Industrial Machinery,Industrials,613841305600,BSE
GESHIP,The Great Eastern Shipping Company Limited,Marine Shipping,Industrials,171485151232,BSE
DEEPAKFERT,Deepak Fertilisers And Petrochemicals Corporation Limited,Chemicals,Basic Materials,140288294912,BSE
EXCELINDUS,Excel Industries Limited,Specialty Chemicals,Basic Materials,19059695616,BSE
GRWRHITECH,Garware Hi-Tech Films Limited,Specialty Chemicals,Basic Materials,91669241856,BSE
GLAXO,GlaxoSmithKline Pharmaceuticals Limited,Drug Manufacturers - General,Healthcare,463909847040,BSE
GNFC,Gujarat Narmada Valley Fertilizers & Chemicals Limited,Chemicals,Basic Materials,102755835904,BSE
NOVARTIND,Novartis India Limited,Drug Manufacturers - Specialty & Generic,Healthcare,27337652224,BSE
SANOFI,Sanofi India Limited,Drug Manufacturers - General,Healthcare,162901196800,BSE
PFIZER,Pfizer Limited,Drug Manufacturers - General,Healthcare,254471700480,BSE
GSFC,Gujarat State Fertilizers & Chemicals Limited,Agricultural Inputs,Basic Materials,89219227648,BSE
HINDUNILVR,Hindustan Unilever Limited,Household & Personal Products,Consumer Defensive,6865384636416,BSE
AKZOINDIA,Akzo Nobel India Limited,Specialty Chemicals,Basic Materials,179308101632,BSE
NOCIL,NOCIL Limited,Specialty Chemicals,Basic Materials,48685608960,BSE
TATACHEM,Tata Chemicals Limited,Chemicals,Basic Materials,288447496192,BSE
TNPETRO,Tamilnadu Petroproducts Limited,Specialty Chemicals,Basic Materials,8275579392,BSE
ZUARIIND,Zuari Industries Limited,Conglomerates,Industrials,11002664960,BSE
NESTLEIND,Nestlé India Limited,Packaged Foods,Consumer Defensive,2610021269504,BSE
TATACONSUM,Tata Consumer Products Limited,Packaged Foods,Consumer Defensive,1183970361344,BSE
ASIANPAINT,Asian Paints Limited,Specialty Chemicals,Basic Materials,3141749964800,BSE
BRITANNIA,Britannia Industries Limited,Packaged Foods,Consumer Defensive,1552659251200,BSE
COLPAL,Colgate-Palmolive (India) Limited,Household & Personal Products,Consumer Defensive,1038714470400,BSE
EIHOTEL,EIH Limited,Lodging,Consumer Cyclical,238294925312,BSE
INDHOTEL,The Indian Hotels Company Limited,Lodging,Consumer Cyclical,969640574976,BSE
CASTROLIND,Castrol India Limited,Oil & Gas Refining & Marketing,Energy,242038145024,BSE
ITC,ITC Limited,Tobacco,Consumer Defensive,6456443666432,BSE
APOLLOTYRE,Apollo Tyres Limited,Auto Parts,Consumer Cyclical,349813604352,BSE
CEATLTD,CEAT Limited,Auto Parts,Consumer Cyclical,129191395328,BSE
MODIRUBBER,Modi Rubber Limited,Real Estate Services,Real Estate,3175135488,BSE
FINPIPE,Unknown,Building Products & Equipment,Industrials,172177063936,BSE
SUNRINV,Unknown,Unknown,Unknown,0,BSE
ZGOLDINV,Unknown,Unknown,Unknown,0,BSE
PEOPLIN,Unknown,Unknown,Unknown,0,BSE
DSINVEST,Dalal Street Investments Limited,Unknown,Unknown,177544192,BSE
CENTRUM,Centrum Capital Limited,Financial Conglomerates,Financial Services,14377857024,BSE
TCIFINANCE,TCI Finance Limited,Credit Services,Financial Services,190255552,BSE
KRATOSENER,Unknown,Unknown,Unknown,0,BSE
ANTARIKSH,Unknown,Unknown,Unknown,0,BSE
IITL,Industrial Investment Trust Limited,Credit Services,Financial Services,5980683776,BSE
INDPRUD,Industrial & Prudential Investment Company Limited,Unknown,Unknown,11535737856,BSE
TATAINVEST,Tata Investment Corporation Limited,Capital Markets,Financial Services,344943591424,BSE
JAYBHCR,Jayabharat Credit Limited,Unknown,Unknown,44000000,BSE
PRISMX,Unknown,Unknown,Unknown,0,BSE
MOTOGENFIN,The Motor & General Finance Limited,Real Estate Services,Real Estate,1556058880,BSE
RAPIDIN,Unknown,Unknown,Unknown,0,BSE
WALCHPF,Walchand PeopleFirst Limited,Unknown,Unknown,555514176,BSE
ZSWASTSA,Unknown,Unknown,Unknown,0,BSE
WHBRADY,W.H. Brady & Company Limited,Unknown,Unknown,2218117376,BSE
TECHNVISN,TechNVision Ventures Limited,Unknown,Unknown,24752052224,BSE
SHAILY,Shaily Engineering Plastics Limited,Specialty Chemicals,Basic Materials,46328467456,BSE
BBTC,"The Bombay Burmah Trading Corporation, Limited",Packaged Foods,Consumer Defensive,201368698880,BSE
BOMBCYC,Bombay Cycle & Motor Agency Limited,Unknown,Unknown,714660032,BSE
GREAVESCOT,Greaves Cotton Limited,Specialty Industrial Machinery,Industrials,41858383872,BSE
MULLER,Muller & Phipps (India) Limited,Unknown,Unknown,173343760,BSE
SFTL,Unknown,Unknown,Unknown,0,BSE
AMALGAM,The Amalgamated Electricity Company Limited,Unknown,Unknown,274596832,BSE
ANANDPROJ,Unknown,Unknown,Unknown,0,BSE
INDIANVSH,IndiaNivesh Limited,Unknown,Unknown,536049984,BSE
COASTCORP,Coastal Corporation Limited,Packaged Foods,Consumer Defensive,3311633152,BSE
CHOWGULSTM,Chowgule Steamships Limited,Unknown,Unknown,964351104,BSE
GLOBOFFS,Global Offshore Services Limited,Unknown,Unknown,2207787264,BSE
DHENUBUILD,Dhenu Buildcon Infra Limited,Unknown,Unknown,109068000,BSE
ASIIL,Unknown,Unknown,Unknown,0,BSE
SAGCEM,Sagar Cements Limited,Building Materials,Basic Materials,30579136512,BSE
HEMACEM,Unknown,Unknown,Unknown,0,BSE
DECCANCE,Deccan Cements Limited,Building Materials,Basic Materials,8798811136,BSE
MANGLMCEM,Mangalam Cement Limited,Building Materials,Basic Materials,25341511680,BSE
NCLIND,NCL Industries Limited,Building Materials,Basic Materials,9668510720,BSE
SAURASHCEM,Saurashtra Cement Limited,Building Materials,Basic Materials,13695426560,BSE
SHREDIGCEM,Shree Digvijay Cement Company Limited,Building Materials,Basic Materials,14154020864,BSE
BORORENEW,Borosil Renewables Limited,Building Materials,Basic Materials,63980597248,BSE
LERTHAI,Unknown,Unknown,Unknown,0,BSE
TRIVENIGQ,Triveni Glass Limited,Unknown,Unknown,250368896,BSE
NILACHAL,Nilachal Refractories Limited,Unknown,Unknown,969202624,BSE
ANDHRAPAP,Andhra Paper Limited,Paper & Paper Products,Basic Materials,20869306368,BSE
BALKRISIND,Balkrishna Industries Limited,Auto Parts,Consumer Cyclical,592506912768,BSE
ORIENTPPR,Orient Paper & Industries Limited,Paper & Paper Products,Basic Materials,10114906112,BSE
CITADEL,Citadel Realty and Developers Limited,Unknown,Unknown,413393440,BSE
ROLLT,Rollatainers Limited,Conglomerates,Industrials,570296384,BSE
SESHAPAPER,Seshasayee Paper and Boards Limited,Paper & Paper Products,Basic Materials,21405313024,BSE
NATHIND,Unknown,Unknown,Unknown,0,BSE
VAPIENTER,Unknown,Unknown,Unknown,0,BSE
DCM,DCM Limited,Metal Fabrication,Industrials,1719282304,BSE
ZGAEKWAR,Unknown,Unknown,Unknown,0,BSE
FORBESCO,Forbes & Company Limited,Unknown,Unknown,9016121344,BSE
HPCOTTON,H.P. Cotton Textile Mills Limited,Unknown,Unknown,568833024,BSE
UNITEDINT,United Interactive Limited,Unknown,Unknown,195825440,BSE
JAMSHRI,Jamshri Realty Limited,Unknown,Unknown,13173046,BSE
KATRSPG,Katare Spinning Mills Limited,Unknown,Unknown,0,BSE
KESORAMIND,Kesoram Industries Limited,Building Materials,Basic Materials,69650866176,BSE
LAKSHMIMIL,The Lakshmi Mills Company Limited,Unknown,Unknown,4775542272,BSE
VTL,Vardhman Textiles Limited,Textile Manufacturing,Consumer Cyclical,135709827072,BSE
PENINLAND,Peninsula Land Limited,Real Estate - Development,Real Estate,17408573440,BSE
PASUSPG,Pasupati Spinning & Weaving Mills Limited,Unknown,Unknown,0,BSE
PHOENIXLTD,The Phoenix Mills Limited,Real Estate - Diversified,Real Estate,626179440640,BSE
MARATHON,Marathon Nextgen Realty Limited,Real Estate - Development,Real Estate,35085230080,BSE
RAJABAH,Raja Bahadur International Limited,Unknown,Unknown,1902812544,BSE
RELCHEMQ,Reliance Chemotex Industries Limited,Textile Manufacturing,Consumer Cyclical,1710879488,BSE
RUBYMILLS,The Ruby Mills Limited,Textile Manufacturing,Consumer Cyclical,9697599488,BSE
SIMPLXREA,Simplex Realty Limited,Unknown,Unknown,652120832,BSE
SWANENERGY,Swan Energy Limited,Conglomerates,Industrials,177933877248,BSE
VICTMILL,The Victoria Mills Limited,Unknown,Unknown,835271360,BSE
ZSVTRADI,Unknown,Unknown,Unknown,0,BSE
ZSVARAJT,Svaraj Trading and Agencies Limited,Unknown,Unknown,152515008,BSE
KSHITIJ,Unknown,Unknown,Unknown,0,BSE
SALSAIN,Unknown,Unknown,Unknown,0,BSE
INDSOYA,Unknown,Unknown,Unknown,0,BSE
ZODIACVEN,Zodiac Ventures Limited,Unknown,Unknown,568672512,BSE
VEERENRGY,Veer Energy & Infrastructure Limited,Unknown,Unknown,271854112,BSE
SW1,SW Investments Limited,Unknown,Unknown,0,BSE
TILAK,Tilak Ventures Limited,Unknown,Unknown,621843200,BSE
UNIJOLL,Unknown,Unknown,Unknown,0,BSE
WAGEND,Wagend Infra Venture Limited,Unknown,Unknown,62676252,BSE
ELCIDIN,Unknown,Unknown,Unknown,0,BSE
MEDIAONE,Unknown,Unknown,Unknown,0,BSE
HEALINV,Unknown,Unknown,Unknown,0,BSE
SHRENTI,Unknown,Unknown,Unknown,0,BSE
BANSWRAS,Banswara Syntex Limited,Textile Manufacturing,Consumer Cyclical,4761685504,BSE
MODWOOL,Modella Woollens Limited,Unknown,Unknown,62335000,BSE
MODIPON,Modipon Limited,Unknown,Unknown,623521088,BSE
SHRIDINE,Shri Dinesh Mills Limited,Unknown,Unknown,2518020864,BSE
SRF,SRF Limited,Specialty Chemicals,Basic Materials,735919472640,BSE
SIYSIL,Siyaram Silk Mills Limited,Textile Manufacturing,Consumer Cyclical,21847971840,BSE
SWADPOL,Swadeshi Polytex Limited,Unknown,Unknown,4586399744,BSE
SHRAJSYNQ,Shree Rajasthan Syntex Limited,Unknown,Unknown,0,BSE
SHRMFGC,Unknown,Unknown,Unknown,0,BSE
ZSATYASL,Unknown,Unknown,Unknown,0,BSE
BBL,Bharat Bijlee Limited,Electrical Equipment & Parts,Industrials,52697313280,BSE
ELPROINTL,Elpro International Limited,Unknown,Unknown,24811724800,BSE
GEE,GEE Limited,Unknown,Unknown,4284557056,BSE
HIRECT,Hind Rectifiers Limited,Electrical Equipment & Parts,Industrials,15341848576,BSE
NIPPOBATRY,Indo National Limited,Electrical Equipment & Parts,Industrials,4279875072,BSE
ZENSARTECH,Zensar Technologies Limited,Information Technology Services,Technology,154208124928,BSE
JYOTI,Jyoti Limited,Unknown,Unknown,2333507328,BSE
JSLINDL,JSL Industries Limited,Unknown,Unknown,2478978816,BSE
KAYCEEI,Kaycee Industries Limited,Unknown,Unknown,270601184,BSE
INDOKEM,Indokem Limited,Unknown,Unknown,1976211712,BSE
PANAENERG,Panasonic Energy India Co. Ltd.,Unknown,Unknown,3674249984,BSE
NELCO,Nelco Limited,Communication Equipment,Technology,23816704000,BSE
PERMAGN,Permanent Magnets Limited,Unknown,Unknown,8320290304,BSE
HIGHENE,High Energy Batteries (India) Limited,Unknown,Unknown,1245706240,BSE
STDBAT,The Standard Batteries Limited,Unknown,Unknown,444199200,BSE
UNIVCABLES,Universal Cables Limited,Electrical Equipment & Parts,Industrials,23232038912,BSE
WSI,Unknown,Electrical Equipment & Parts,Industrials,9269851136,BSE
DLTNCBL,Delton Cables Limited,Unknown,Unknown,5400000000,BSE
LAKSELEC,Lakshmi Electrical Control Systems Limited,Unknown,Unknown,3426206208,BSE
MODULEX,Unknown,Unknown,Unknown,0,BSE
DELTAMAGNT,Delta Manufacturing Limited,Specialty Industrial Machinery,Industrials,1044526912,BSE
LONGSPUR,Unknown,Unknown,Unknown,0,BSE
RELTD,Ravindra Energy Limited,Solar,Technology,20373784576,BSE
RRP,Unknown,Unknown,Unknown,0,BSE
EMPOWER,Empower India Limited,Unknown,Unknown,2571998208,BSE
ZMULTIPU,Multipurpose Trading and Agencies Limited,Unknown,Unknown,60142500,BSE
RIDHISYN,Unknown,Unknown,Unknown,0,BSE
GRANDMA,Unknown,Unknown,Unknown,0,BSE
SOFTBPO,Unknown,Unknown,Unknown,0,BSE
NYSSACORP,Nyssa Corporation Limited,Unknown,Unknown,507300000,BSE
FLOMIC,Unknown,Unknown,Unknown,0,BSE
KRISHNA,Krishna Ventures Limited,Unknown,Unknown,893267968,BSE
GANHOLD,Unknown,Unknown,Unknown,0,BSE
UNIABEXAL,Uni Abex Alloy Products Limited,Unknown,Unknown,6521548800,BSE
SARDAEN,Sarda Energy & Minerals Limited,Steel,Basic Materials,158976688128,BSE
BGWTATO,Bhagwati Autocast Limited,Unknown,Unknown,1494784896,BSE
BOMBWIR,Bombay Wire Ropes Ltd,Unknown,Unknown,0,BSE
AZADIND,Unknown,Unknown,Unknown,0,BSE
INDIANHUME,The Indian Hume Pipe Company Limited,Engineering & Construction,Industrials,25882568704,BSE
INVPRECQ,Investment & Precision Castings Limited,Unknown,Unknown,4936000000,BSE
INFORTEC,Informed Technologies India Limited,Unknown,Unknown,375427456,BSE
KAIRA,Kaira Can Company Limited,Unknown,Unknown,1779716736,BSE
ORIENTCER,Orient Ceratech Limited,Specialty Chemicals,Basic Materials,6174568960,BSE
NATIONSTD,National Standard (India) Limited,Unknown,Unknown,88635998208,BSE
RATHIST,Rathi Steel And Power Limited,Unknown,Unknown,0,BSE
DUNCANENG,Duncan Engineering Limited,Unknown,Unknown,2388909568,BSE
SANDUMA,The Sandur Manganese & Iron Ores Limited,Steel,Basic Materials,80547602432,BSE
STOVACQ,Stovec Industries Limited,Unknown,Unknown,7229247488,BSE
TATAYODOGA,Tayo Rolls Limited,Unknown,Unknown,954468864,BSE
CHOLAHLDNG,Cholamandalam Financial Holdings Limited,Credit Services,Financial Services,393402187776,BSE
ZWELCAST,Welcast Steels Limited,Unknown,Unknown,867867008,BSE
WMINIMT,Unknown,Unknown,Unknown,0,BSE
AUTOAXLES,Automotive Axles Limited,Auto Parts,Consumer Cyclical,28757379072,BSE
AUTOPRD,Unknown,Unknown,Unknown,0,BSE
ACGL,Automobile Corporation of Goa Limited,Unknown,Unknown,16206689280,BSE
SETCO,Setco Automotive Limited,Auto Parts,Consumer Cyclical,1622593664,BSE
INRADIA,Unknown,Unknown,Unknown,0,BSE
TALBROAUTO,Talbros Automotive Components Limited,Auto Parts,Consumer Cyclical,20472156160,BSE
ZFSTEERING,ZF Steering Gear (India) Limited,Unknown,Unknown,14413844480,BSE
SMLISUZU,SML Isuzu Limited,Auto Manufacturers,Consumer Cyclical,28012675072,BSE
TIL,TIL Limited,Farm & Heavy Construction Machinery,Industrials,21992013824,BSE
EICHERMOT,Eicher Motors Limited,Auto Manufacturers,Consumer Cyclical,1362809716736,BSE
JAINEX,Jainex Aamcol Limited,Unknown,Unknown,0,BSE
ALFREDHE,Alfred Herbert (India) Limited,Unknown,Unknown,1227420672,BSE
VELJAN,Veljan Denison Limited,Unknown,Unknown,3577499904,BSE
DYNAMATECH,Dynamatic Technologies Limited,Auto Parts,Consumer Cyclical,55119667200,BSE
GGDPROP,Unknown,Unknown,Unknown,0,BSE
GMMPFAUDLR,Unknown,Specialty Industrial Machinery,Industrials,64059514880,BSE
KIRLPNU,Kirloskar Pneumatic Company Limited,Specialty Industrial Machinery,Industrials,85937414144,BSE
TULIVE,Tulive Developers Limited,Unknown,Unknown,0,BSE
KPT,Unknown,Unknown,Unknown,0,BSE
LXMIATO,Lakshmi Automatic Loom Works Limited,Unknown,Unknown,19360313344,BSE
MANUGRAPH,Manugraph India Limited,Specialty Industrial Machinery,Industrials,745474112,BSE
HARSHILAGR,Unknown,Unknown,Unknown,0,BSE
MONOT,Monotype India Limited,Unknown,Unknown,0,BSE
NESCO,Nesco Limited,Conglomerates,Industrials,66581176320,BSE
INTEGRAEN,Integra Engineering India Limited,Unknown,Unknown,8612667392,BSE
SEMAC,Semac Consultants Limited,Farm & Heavy Construction Machinery,Industrials,1281980928,BSE
TEXINFRA,Texmaco Infrastructure & Holdings Limited,Real Estate Services,Real Estate,15558836224,BSE
WENDT,Wendt (India) Limited,Tools & Accessories,Industrials,28743999488,BSE
PSITINFRA,Unknown,Unknown,Unknown,0,BSE
SINDUVA,Unknown,Unknown,Unknown,0,BSE
RESPONIND,Responsive Industries Limited,Specialty Chemicals,Basic Materials,73010872320,BSE
SHYMINV,Shyamkamal Investments Limited,Unknown,Unknown,97490400,BSE
ZHEMHOLD,Unknown,Unknown,Unknown,0,BSE
MAHACORP,Maharashtra Corporation Limited,Unknown,Unknown,110973056,BSE
DOLATALGO,Dolat Algotech Limited,Capital Markets,Financial Services,25361600512,BSE
WESTLIFE,Westlife Foodworld Limited,Restaurants,Consumer Cyclical,140582436864,BSE
ZEEL,Zee Entertainment Enterprises Limited,Broadcasting,Communication Services,134578388992,BSE
ZKOVALIN,Unknown,Unknown,Unknown,0,BSE
SVPGLOB,SVP Global Textiles Limited,Textile Manufacturing,Consumer Cyclical,885500032,BSE
MULTIIN,Unknown,Unknown,Unknown,0,BSE
SKYLMILAR,Skyline Millars Limited,Unknown,Unknown,827814016,BSE
BIMETAL,Bimetal Bearings Limited,Unknown,Unknown,2868750080,BSE
TAPARIA,Unknown,Unknown,Unknown,0,BSE
BHARATGEAR,Bharat Gears Limited,Auto Parts,Consumer Cyclical,1612285440,BSE
BRADYM,Brady & Morris Engineering Company Limited,Unknown,Unknown,4470412288,BSE
LATIMMETAL,La Tim Metal & Industries Limited,Unknown,Unknown,151988896,BSE
ELECON,Elecon Engineering Company Limited,Specialty Industrial Machinery,Industrials,156047769600,BSE
GRAUWEIL,Grauer & Weil (India) Limited,Specialty Chemicals,Basic Materials,52595675136,BSE
HIMTEK,Unknown,Unknown,Unknown,0,BSE
GABRIEL,Gabriel India Limited,Auto Parts,Consumer Cyclical,74493771776,BSE
HERCULES,Hercules Hoists Limited,Specialty Industrial Machinery,Industrials,19881598976,BSE
AQFINTECH,Unknown,Unknown,Unknown,0,BSE
IFBIND,IFB Industries Limited,"Furnishings, Fixtures & Appliances",Consumer Cyclical,74763264000,BSE
SINGER,Singer India Limited,Unknown,Unknown,4596989952,BSE
INTLCOMBQ,International Combustion (India) Limited,Unknown,Unknown,3114893568,BSE
FMGOETZE,Federal-Mogul Goetze (India) Limited,Auto Parts,Consumer Cyclical,24269504512,BSE
JOSTS,Jost's Engineering Company Limited,Unknown,Unknown,1018230848,BSE
SCHAEFFLER,Schaeffler India Limited,Auto Parts,Consumer Cyclical,614415925248,BSE
RANEHOLDIN,Rane Holdings Limited,Auto Parts,Consumer Cyclical,28881133568,BSE
ROLCOEN,Rolcon Engineering Company Limited,Unknown,Unknown,0,BSE
SNL,SNL Bearings Limited,Unknown,Unknown,1587452416,BSE
JAIPAN,Jaipan Industries Limited,Unknown,Unknown,213555392,BSE
MANCREDIT,Mangal Credit and Fincorp Limited,Credit Services,Financial Services,2692984576,BSE
TRF,TRF Limited,Specialty Industrial Machinery,Industrials,5518706688,BSE
WPIL,WPIL Limited,Unknown,Unknown,4250633216,BSE
KENNAMET,Kennametal India Limited,Tools & Accessories,Industrials,66793951232,BSE
HINDHARD,Hindustan Hardy Limited,Unknown,Unknown,984107008,BSE
TRITONV,Triton Valves Limited,Unknown,Unknown,5232552448,BSE
SUDAI,Sudal Industries Limited,Unknown,Unknown,464172672,BSE
PRAKASH,Prakash Industries Limited,Steel,Basic Materials,32503382016,BSE
HVL,Unknown,Unknown,Unknown,0,BSE
ZPRBHSTE,Unknown,Unknown,Unknown,0,BSE
ARSHIYA,Arshiya Limited,Integrated Freight & Logistics,Industrials,1045999744,BSE
GRINDWELL,Grindwell Norton Limited,Building Products & Equipment,Industrials,266945921024,BSE
STANROS,Stanrose Mafatlal Investments and Finance Limited,Unknown,Unknown,348542080,BSE
GENESYS,Genesys International Corporation Limited,Software—Application,Technology,30728394752,BSE
ALNATRD,Unknown,Unknown,Unknown,0,BSE
VOLKAI,Unknown,Unknown,Unknown,0,BSE
PARNAXLAB,Parnax Lab Limited,Unknown,Unknown,1045673728,BSE
GOURMET,Unknown,Unknown,Unknown,0,BSE
VIVIDHA,Visagar Polytex Limited,Textile Manufacturing,Consumer Cyclical,310263040,BSE
ISHWATR,Unknown,Unknown,Unknown,0,BSE
TERRAFORM,Unknown,Unknown,Unknown,0,BSE
APIS,Unknown,Unknown,Unknown,0,BSE
VELOXIND,Unknown,Unknown,Unknown,0,BSE
EMERGENT,Unknown,Unknown,Unknown,0,BSE
KANANIIND,Kanani Industries Limited,Luxury Goods,Consumer Cyclical,557987776,BSE
GCKL,Unknown,Unknown,Unknown,0,BSE
ZSARVAMA,Unknown,Unknown,Unknown,0,BSE
ARIHANTSUP,Unknown,Real Estate—Development,Real Estate,17342767104,BSE
VIKSHEN,Unknown,Unknown,Unknown,0,BSE
BLISSGVS,Bliss GVS Pharma Limited,Drug Manufacturers—Specialty & Generic,Healthcare,14020953088,BSE
STYRENIX,Styrenix Performance Materials Limited,Chemicals,Basic Materials,46010961920,BSE
ALEMBICLTD,Alembic Limited,Real Estate—Development,Real Estate,36604276736,BSE
AMNPLST,Amines & Plasticizers Limited,Chemicals,Basic Materials,16511502336,BSE
ANUHPHR,Anuh Pharma Limited,Unknown,Unknown,10195286016,BSE
MODISONLTD,Modison Limited,Electrical Equipment & Parts,Industrials,6043812352,BSE
BAYERCROP,Bayer CropScience Limited,Agricultural Inputs,Basic Materials,296959410176,BSE
CHEMOPH,Chemo Pharma Laboratories Limited,Unknown,Unknown,98250000,BSE
HEUBACHIND,Heubach Colorants India Limited,Specialty Chemicals,Basic Materials,13333201920,BSE
COROMANDEL,Coromandel International Limited,Agricultural Inputs,Basic Materials,508465577984,BSE
DEEPAKNTR,Unknown,Chemicals,Basic Materials,403266338816,BSE
DMCC,DMCC Speciality Chemicals Limited,Chemicals,Basic Materials,6882165760,BSE
FERMENTA,Unknown,Unknown,Unknown,0,BSE
GOCLCORP,GOCL Corporation Limited,Specialty Chemicals,Basic Materials,21058398208,BSE
JAYCH,Jayshree Chemicals Limited,Unknown,Unknown,263645232,BSE
KANORICHEM,Kanoria Chemicals & Industries Limited,Chemicals,Basic Materials,6783384576,BSE
KELENRG,Keltech Energies Limited,Unknown,Unknown,3709799936,BSE
KEMP,Kemp and Company Limited,Unknown,Unknown,1296240000,BSE
NITTAGELA,Nitta Gelatin India Limited,Unknown,Unknown,7335053824,BSE
MPAGI,M P Agro Industries Limited,Unknown,Unknown,59025764,BSE
OCCL,Unknown,Chemicals,Basic Materials,2551468800,BSE
PCBL,PCBL Limited,Specialty Chemicals,Basic Materials,215474749440,BSE
AMAL,Amal Ltd,Unknown,Unknown,3016000000,BSE
POLYCHEM,Polychem Limited,Unknown,Unknown,1297792512,BSE
PUNJABCHEM,Punjab Chemicals and Crop Protection Limited,Chemicals,Basic Materials,15604262912,BSE
GUJCMDS,Gujchem Distillers India Limited,Unknown,Unknown,84147824,BSE
SADHNANIQ,Sadhana Nitro Chem Limited,Specialty Chemicals,Basic Materials,18025457664,BSE
SUDARSCHEM,Sudarshan Chemical Industries Limited,Specialty Chemicals,Basic Materials,78032896000,BSE
TECILCHEM,Unknown,Shell Companies,Financial Services,478643776,BSE
ULTRAMAR,Ultramarine & Pigments Limited,Unknown,Unknown,15052600320,BSE
TRANSPEK,Transpek Industry Limited,Unknown,Unknown,9472568320,BSE
UNICHEMLAB,Unichem Laboratories Limited,Drug Manufacturers—Specialty & Generic,Healthcare,47816101888,BSE
MYSORPETRO,Mysore Petro Chemicals Limited,Unknown,Unknown,1486552064,BSE
ALKYLAMINE,Alkyl Amines Chemicals Limited,Specialty Chemicals,Basic Materials,123158495232,BSE
TUTIALKA,Tuticorin Alkali Chemicals and Fertilizers Limited,Unknown,Unknown,11391666176,BSE
ASTRAZEN,AstraZeneca Pharma India Limited,Drug Manufacturers—Specialty & Generic,Healthcare,193433747456,BSE
PRIMO,Unknown,Unknown,Unknown,0,BSE
TANFACIND,Tanfac Industries Limited,Unknown,Unknown,19887656960,BSE
GUJPETR,Gujarat Petrosynthese Limited,Unknown,Unknown,401665440,BSE
GUJTHEM,Gujarat Themis Biosyn Limited,Unknown,Unknown,5358910976,BSE
SCBL,Saptak Chem and Business Limited,Unknown,Unknown,0,BSE
MAKERSL,Makers Laboratories Limited,Unknown,Unknown,733613376,BSE
CONTCHM,Continental Chemicals Limited,Unknown,Unknown,185317600,BSE
JBCHEPHARM,J. B. Chemicals & Pharmaceuticals Limited,Drug Manufacturers—Specialty & Generic,Healthcare,285063315456,BSE
IGLFXPL-B,Indo Gulf Industries Limited,Unknown,Unknown,0,BSE
APTPACK,Unknown,Unknown,Unknown,0,BSE
BLUECHIPT,Blue Chip Tex Industries Limited,Unknown,Unknown,327201536,BSE
JAGAJITIND,Jagatjit Industries Limited,Unknown,Unknown,12845324288,BSE
KESARENT,Kesar Enterprises Limited,Unknown,Unknown,1563865344,BSE
TI,Tilaknagar Industries Ltd.,Beverages—Wineries & Distilleries,Consumer Defensive,57282363392,BSE
EMERALL,Emerald Leisures Limited,Unknown,Unknown,355064736,BSE
RAVALSUGAR,The Ravalgaon Sugar Farm Limited,Unknown,Unknown,126218200,BSE
SAKHTISUG,Sakthi Sugars Limited,Confectioners,Consumer Defensive,4800310784,BSE
WALCHANNAG,Walchandnagar Industries Limited,Engineering & Construction,Industrials,16702897152,BSE
IFBAGRO,IFB Agro Industries Limited,Beverages—Wineries & Distilleries,Consumer Defensive,5300379136,BSE
KFBL,Kothari Fermentation and Biochem Limited,Unknown,Unknown,1614000000,BSE
CAPRO,Caprolactam Chemicals Limited,Unknown,Unknown,237314000,BSE
GMBREW,G.M. Breweries Limited,Beverages—Wineries & Distilleries,Consumer Defensive,20626180096,BSE
RANASUG,Rana Sugars Limited,Confectioners,Consumer Defensive,3493910528,BSE
PICCASUG,Piccadily Sugar & Allied Industries Limited,Unknown,Unknown,1662696704,BSE
SDBL,Som Distilleries & Breweries Limited,Beverages—Brewers,Consumer Defensive,22209132544,BSE
CJGEL,C.J. Gelatine Products Limited,Unknown,Unknown,118359048,BSE
ASALCBR,Associated Alcohols & Breweries Limited,Beverages—Wineries & Distilleries,Consumer Defensive,17087556608,BSE
THAKKERS,Unknown,Unknown,Unknown,0,BSE
CORAGRO,Unknown,Unknown,Unknown,0,BSE
FOODSIN,Foods and Inns Limited,Packaged Foods,Consumer Defensive,9816158208,BSE
IVP,IVP Limited,Specialty Chemicals,Basic Materials,2168523008,BSE
KLRFM,Unknown,Unknown,Unknown,0,BSE
OLYOI,Olympic Oil Industries Limited,Unknown,Unknown,0,BSE
MLKFOOD,Milkfood Limited,Unknown,Unknown,724659072,BSE
POLSON,Polson Limited,Unknown,Unknown,1782000000,BSE
SAGRSOY-B,Unknown,Unknown,Unknown,0,BSE
WIPRO,Wipro Limited,Information Technology Services,Technology,2856453931008,BSE
ORIBEVER,Orient Beverages Limited,Unknown,Unknown,714699968,BSE
DHANUKA,Dhanuka Agritech Limited,Agricultural Inputs,Basic Materials,70858579968,BSE
TTKHLTCARE,Unknown,Drug Manufacturers—General,Healthcare,23420973056,BSE
TGVSL,TGV SRAAC Limited,Unknown,Unknown,10177833984,BSE
LIMECHM,Lime Chemicals Limited,Unknown,Unknown,208151360,BSE
KANPRPLA,Kanpur Plastipack Limited,Packaging & Containers,Consumer Cyclical,2607142912,BSE
TAINWALCHM,Tainwala Chemicals and Plastics (India) Limited,Specialty Chemicals,Basic Materials,2079245184,BSE
JAGSNPHARM,Jagsonpal Pharmaceuticals Limited,Drug Manufacturers—Specialty & Generic,Healthcare,11383080960,BSE
KHAICHEM,Khaitan Chemicals and Fertilizers Limited,Agricultural Inputs,Basic Materials,7908499456,BSE
UNTTEMI,Unknown,Unknown,Unknown,0,BSE
NOL,National Oxygen Limited,Unknown,Unknown,639422208,BSE
GILLETTE,Gillette India Limited,Household & Personal Products,Consumer Defensive,277378269184,BSE
WIREFABR,Wires and Fabriks (S.A.) Limited,Unknown,Unknown,739918144,BSE
ANSALHSG,Ansal Housing Limited,Unknown,Unknown,1250071040,BSE
COMPUPN,Computer Point Limited,Unknown,Unknown,0,BSE
MCCHRLS-B,Mac Charles (India) Limited,Unknown,Unknown,7617634816,BSE
ADDIND,Addi Industries Limited,Unknown,Unknown,500098496,BSE
PIONRINV,Pioneer Investcorp Limited,Unknown,Unknown,783312512,BSE
ASHNOOR,Ashnoor Textile Mills Limited,Unknown,Unknown,624034368,BSE
UNITECH,Unitech Limited,Real Estate—Diversified,Real Estate,30113613824,BSE
VIPIND,V.I.P. Industries Limited,Footwear & Accessories,Consumer Cyclical,76849315840,BSE
FIBERWEB,Fiberweb (India) Limited,Textile Manufacturing,Consumer Cyclical,1254742400,BSE
LKPFIN,LKP Finance Limited,Unknown,Unknown,2661401088,BSE
EASTBUILD,East Buildtech Limited,Unknown,Unknown,0,BSE
MNPLFIN,Unknown,Unknown,Unknown,0,BSE
BAJAJST,Bajaj Steel Industries Limited,Unknown,Unknown,17421819904,BSE
KIDUJA,Kiduja India Limited,Unknown,Unknown,738650496,BSE
KEYCORP,Key Corp Limited,Unknown,Unknown,1787700096,BSE
SHIKHARLETR,Unknown,Unknown,Unknown,0,BSE
GUJHOTE,Gujarat Hotels Limited,Unknown,Unknown,866773952,BSE
RASRESOR,Ras Resorts and Apart Hotels Limited,Unknown,Unknown,218335696,BSE
PARMCOS-B,Paramount Cosmetics (India) Limited,Unknown,Unknown,250566560,BSE
JINDHOT,Jindal Hotels Limited,Unknown,Unknown,582300032,BSE
JPTRLES,Unknown,Unknown,Unknown,0,BSE
SIMMOND,Simmonds Marshall Limited,Unknown,Unknown,1379840000,BSE
BNALTD,B & A Limited,Unknown,Unknown,1825900032,BSE
HAWKINCOOK,Hawkins Cookers Limited,Unknown,Unknown,46142574592,BSE
WARRENTEA,Warren Tea Limited,Unknown,Unknown,856991872,BSE
COCHMAL,The Cochin Malabar Estates And Industries Limited,Unknown,Unknown,363595936,BSE
BESTEAST,Best Eastern Hotels Limited,Unknown,Unknown,304984992,BSE
NEAGI,Neelamalai Agro Industries Limited,Unknown,Unknown,3042647552,BSE
ISTLTD,IST Limited,Unknown,Unknown,12069427200,BSE
COSMOFIRST,Cosmo First Limited,Packaging & Containers,Consumer Cyclical,20206977024,BSE
APOLLOHOSP,Apollo Hospitals Enterprise Limited,Medical Care Facilities,Healthcare,1028810407936,BSE
NITINCAST,Nitin Castings Limited,Unknown,Unknown,3358897408,BSE
SMIFS,SMIFS Capital Markets Limited,Unknown,Unknown,520298624,BSE
EVERESTIND,Everest Industries Limited,Building Products & Equipment,Industrials,16511228928,BSE
IRONWOOD,Unknown,Unknown,Unknown,0,BSE
MSRINDIA,MSR India Limited,Unknown,Unknown,527563232,BSE
AYMSYNTEX,AYM Syntex Limited,Textile Manufacturing,Consumer Cyclical,11597175808,BSE
PANCARBON,Panasonic Carbon India Co. Limited,Unknown,Unknown,3299520000,BSE
FINKURVE,Finkurve Financial Services Limited,Unknown,Unknown,12014721024,BSE
HBLEAS,HB Leasing and Finance Company Limited,Unknown,Unknown,200013616,BSE
SHRICON,Shricon Industries Limited,Unknown,Unknown,0,BSE
TRUSTWAVE,Unknown,Unknown,Unknown,0,BSE
SULABEN,Sulabh Engineers & Services Limited,Unknown,Unknown,582755008,BSE
FRONTCAP,Unknown,Unknown,Unknown,0,BSE
NAVNETEDUL,Navneet Education Limited,Publishing,Communication Services,32617854976,BSE
KEDIACN,Unknown,Unknown,Unknown,0,BSE
TRANOCE,Unknown,Unknown,Unknown,0,BSE
AUSOMENT,AuSom Enterprise Limited,Capital Markets,Financial Services,1556496256,BSE
THAKRAL,Thakral Services (India) Limited,Unknown,Unknown,0,BSE
RUCHINFRA,Ruchi Infrastructure Limited,Specialty Business Services,Industrials,3339753472,BSE
VJTFEDU,VJTF Eduservices Limited,Unknown,Unknown,1825120000,BSE
VOLLF,Voltaire Leasing & Finance Limited,Unknown,Unknown,61399380,BSE
NETLINK,Netlink Solutions (India) Limited,Unknown,Unknown,400628448,BSE
TRILIANCE,Unknown,Unknown,Unknown,0,BSE
LANCORHOL,Lancor Holdings Limited,Real Estate—Development,Real Estate,3105232896,BSE
INDINFO,Indian Infotech and Software Limited,Unknown,Unknown,1404816000,BSE
BANASFN,Banas Finance Limited,Unknown,Unknown,121268160,BSE
VISAKAIND,Visaka Industries Limited,Building Products & Equipment,Industrials,9128667136,BSE
INFOMEDIA,Infomedia Press Limited,Shell Companies,Financial Services,458273056,BSE
HATHWAYB,Hathway Bhawani Cabletel & Datacom Limited,Unknown,Unknown,154304992,BSE
GUFICBIO,Gufic Biosciences Limited,Drug Manufacturers—Specialty & Generic,Healthcare,38291152896,BSE
PHOTON,Photon Capital Advisors Limited,Unknown,Unknown,139259488,BSE
GRPLTD,GRP Limited,Auto Parts,Consumer Cyclical,17578655744,BSE
INDAG,Indag Rubber Limited,Unknown,Unknown,5719875072,BSE
MMRUBBR-B,M M Rubber Company Limited,Unknown,Unknown,589024000,BSE
PTL,PTL Enterprises Limited,Real Estate Services,Real Estate,5872243712,BSE
TVSSRICHAK,TVS Srichakra Limited,Auto Parts,Consumer Cyclical,32300498944,BSE
SEL,Sanathnagar Enterprises Limited,Unknown,Unknown,125086496,BSE
BENARAS,Benares Hotels Limited,Unknown,Unknown,10474749952,BSE
BHAGWOX,Bhagawati Oxygen Limited,Unknown,Unknown,137321024,BSE
BOMOXY-B1,Bombay Oxygen Investments Limited,Unknown,Unknown,5069700096,BSE
CRAVATEX,Cravatex Limited,Unknown,Unknown,1276704256,BSE
BERGEPAINT,Berger Paints India Limited,Specialty Chemicals,Basic Materials,723612008448,BSE
CAPRIHANS,Caprihans India Limited,Unknown,Unknown,1838759936,BSE
GRAPHITE,Graphite India Limited,Electrical Equipment & Parts,Industrials,117499133952,BSE
ITDCEM,ITD Cementation India Limited,Engineering & Construction,Industrials,92250152960,BSE
EMPIND,Empire Industries Limited,Unknown,Unknown,6722400256,BSE
GRAVISSHO,Graviss Hospitality Limited,Unknown,Unknown,3646612480,BSE
GARFIBRES,Garware Technical Fibres Limited,Textile Manufacturing,Consumer Cyclical,80230752256,BSE
GARWAMAR,Garware Marine Industries Limited,Unknown,Unknown,263341424,BSE
GOACARBON,Goa Carbon Limited,Specialty Chemicals,Basic Materials,7580729856,BSE
HARDCAS,Hardcastle and Waud Manufacturing Company Limited,Unknown,Unknown,748712448,BSE
HEG,HEG Limited,Electrical Equipment & Parts,Industrials,94462484480,BSE
HINDCOMPOS,Hindustan Composites Limited,Auto Parts,Consumer Cyclical,8404299264,BSE
ZHINDHSG,Unknown,Unknown,Unknown,0,BSE
HIL,HIL Limited,Building Products & Equipment,Industrials,22468112384,BSE
INDIANCARD,The Indian Card Clothing Company Limited,Textile Manufacturing,Consumer Cyclical,1624896256,BSE
INTLCONV,International Conveyors Limited,Specialty Industrial Machinery,Industrials,6427897856,BSE
JAYSREETEA,Unknown,Farm Products,Consumer Defensive,4551094272,BSE
KOTIC,Unknown,Unknown,Unknown,0,BSE
MODRNSH,Modern Shares & Stockbrokers Limited,Unknown,Unknown,0,BSE
OSEASPR,Unknown,Unknown,Unknown,0,BSE
HUHTAMAKI,Huhtamaki India Limited,Packaging & Containers,Consumer Cyclical,29389348864,BSE
PREMSYN,Premier Synthetics Limited,Unknown,Unknown,114095088,BSE
RJSHAH,Unknown,Unknown,Unknown,0,BSE
SHAHCON,Unknown,Unknown,Unknown,0,BSE
SHALPAINTS,Shalimar Paints Limited,Specialty Chemicals,Basic Materials,11589815296,BSE
SINNAR,Sinnar Bidi Udyog Limited,Unknown,Unknown,0,BSE
HINDMILL,Hindoostan Mills Limited,Unknown,Unknown,346808992,BSE
ZSOUTGAS,Unknown,Unknown,Unknown,0,BSE
TECHCON,Unknown,Unknown,Unknown,0,BSE
SUPREMEIND,The Supreme Industries Limited,Building Products & Equipment,Industrials,685380534272,BSE
THACKER,Thacker and Company Limited,Unknown,Unknown,1345509632,BSE
UPHOT,Unknown,Unknown,Unknown,0,BSE
VSTIND,VST Industries Limited,Tobacco,Consumer Defensive,63350116352,BSE
SWASTIVI,Swasti Vinayaka Synthetics Limited,Unknown,Unknown,553000000,BSE
MADHUSE,Madhusudan Securities Limited,Unknown,Unknown,0,BSE
YAMNINV,Yamini Investments Company Limited,Unknown,Unknown,1135568256,BSE
PREMCAP,Unknown,Unknown,Unknown,0,BSE
ZMILGFIN,Milgrey Finance and Investments Limited,Unknown,Unknown,0,BSE
JINDRILL,Jindal Drilling & Industries Limited,Oil & Gas Equipment & Services,Energy,17707452416,BSE
KUSUMEL,Unknown,Unknown,Unknown,0,BSE
JUMBFNL,Unknown,Unknown,Unknown,0,BSE
SAKTHIFIN,Sakthi Finance Limited,Unknown,Unknown,5177119232,BSE
EASYFIN,Unknown,Unknown,Unknown,0,BSE
SATINDLTD,Sat Industries Limited,Steel,Basic Materials,15040305152,BSE
JMDVL,JMD Ventures Limited,Unknown,Unknown,0,BSE
TVOLCON,Unknown,Unknown,Unknown,0,BSE
SHIVATEX,Shiva Texyarn Limited,Textile Manufacturing,Consumer Cyclical,2462913024,BSE
VBDESAI,V. B. Desai Financial Services Limited,Unknown,Unknown,89154160,BSE
QUADRANT,Quadrant Televentures Limited,Unknown,Unknown,1157171328,BSE
1STCUS,The First Custodian Fund (I) Ltd.,Unknown,Unknown,175350000,BSE
KAMANWALA,Kamanwala Housing Construction Limited,Unknown,Unknown,234228992,BSE
WSFX,Unknown,Unknown,Unknown,0,BSE
ANJANIFOODS,Anjani Foods Limited,Unknown,Unknown,205759808,BSE
RKDAGRRTL,Unknown,Unknown,Unknown,0,BSE
PARSHWANA,Parshwanath Corporation Limited,Unknown,Unknown,390853632,BSE
RAJVI,Unknown,Unknown,Unknown,0,BSE
MILLENNIUM,Millennium Online Solutions (India) Limited,Unknown,Unknown,138554016,BSE
ICDSLTD,ICDS Limited,Real Estate Services,Real Estate,538002688,BSE
CANFINHOME,Can Fin Homes Limited,Mortgage Finance,Financial Services,119798652928,BSE
MUNCAPM,Munoth Capital Market Limited,Unknown,Unknown,0,BSE
IVC,IL&FS Investment Managers Limited,Financial Conglomerates,Financial Services,3777816832,BSE
SHRIRAMFIN,Shriram Finance Limited,Credit Services,Financial Services,1343107891200,BSE
CHOLAFIN,Cholamandalam Investment and Finance Company Limited,Credit Services,Financial Services,1329237458944,BSE
SAGARSYST,Unknown,Unknown,Unknown,0,BSE
IDINFO,Unknown,Unknown,Unknown,0,BSE
VLSFINANCE,VLS Finance Limited,Capital Markets,Financial Services,14348903424,BSE
INDCEMCAP,India Cements Capital Limited,Unknown,Unknown,410681312,BSE
ADMANUM,Ad-Manum Finance Limited,Unknown,Unknown,967500032,BSE
MEHIF,Mehta Integrated Finance Limited,Unknown,Unknown,189300000,BSE
INTRGLB,Inter Globe Finance Limited,Unknown,Unknown,861656512,BSE
MCLTD,Unknown,Unknown,Unknown,0,BSE
SHRISTI,Shristi Infrastructure Development Corporation Limited,Unknown,Unknown,1314684032,BSE
CREST,Crest Ventures Limited,Financial Conglomerates,Financial Services,15457485824,BSE
VAKRANGEE,Vakrangee Limited,Information Technology Services,Technology,37835829248,BSE
GUJCRED,Gujarat Credit Corporation Limited,Unknown,Unknown,615249984,BSE
SYLPH,Sylph Technologies Limited,Unknown,Unknown,0,BSE
DHARFIN,Dharani Finance Limited,Unknown,Unknown,43950720,BSE
ALEXANDER,Alexander Stamps and Coin Limited,Unknown,Unknown,146534400,BSE
INDBANK,Indbank Merchant Banking Services Limited,Capital Markets,Financial Services,2076899712,BSE
SHRYDUS,Unknown,Unknown,Unknown,0,BSE
BHARAT,Bharat Bhushan Finance & Commodity Brokers Limited,Unknown,Unknown,163002896,BSE
CAPTRUST,Unknown,Credit Services,Financial Services,2263963136,BSE
USHAKIRA,Ushakiran Finance Limited,Unknown,Unknown,80838768,BSE
VIVOBIOT,Vivo Bio Tech Limited,Unknown,Unknown,495524384,BSE
VEERHEALTH,Veerhealth Care Limited,Unknown,Unknown,150162544,BSE
PANINDIAC,Pan India Corporation Limited,Unknown,Unknown,698474560,BSE
SAHARAHOUS,Sahara Housingfina Corporation Limited,Unknown,Unknown,270760000,BSE
NDASEC,NDA Securities Limited,Unknown,Unknown,225788144,BSE
GSBFIN,GSB Finance Limited,Unknown,Unknown,99000000,BSE
MORARKFI,Morarka Finance Limited,Unknown,Unknown,714033088,BSE
MONARCH,Monarch Networth Capital Limited,Capital Markets,Financial Services,31423588352,BSE
PROFINC,Pro Fin Capital Services Ltd.,Unknown,Unknown,13427110,BSE
TIMESGTY,Times Guaranty Limited,Asset Management,Financial Services,1329187584,BSE
SANCF,Unknown,Unknown,Unknown,0,BSE
SODFC,Som Datt Finance Corporation Limited,Unknown,Unknown,1074358784,BSE
REGTRUS,Regency Trust Limited,Unknown,Unknown,42500000,BSE
AVONMORE,Avonmore Capital & Management Services Limited,Capital Markets,Financial Services,3502980096,BSE
LIBORDFIN,Libord Finance Limited,Unknown,Unknown,269255008,BSE
YASHMGM,Yash Management & Satellite Ltd.,Unknown,Unknown,236470000,BSE
ARIHANTCAP,Unknown,Capital Markets,Financial Services,11577365504,BSE
ISLCONSUL,ISL Consulting Limited,Unknown,Unknown,774480000,BSE
DCMFINSERV,DCM Financial Services Limited,Credit Services,Financial Services,170142016,BSE
RRFIN,RR Financial Consultants Limited,Unknown,Unknown,0,BSE
FEDDERSHOL,Unknown,Unknown,Unknown,0,BSE
SAMBHAAV,Sambhaav Media Limited,Publishing,Communication Services,1152399360,BSE
OMEGAIN,Unknown,Unknown,Unknown,0,BSE
SUGALDAM,Sugal & Damani Share Brokers Limited,Unknown,Unknown,460063232,BSE
NETTLINX,Nettlinx Limited,Unknown,Unknown,970826880,BSE
BGIL,Unknown,Unknown,Unknown,0,BSE
SCANSTL,Scan Steels Limited,Unknown,Unknown,3826952960,BSE
GICHSGFIN,GIC Housing Finance Limited,Mortgage Finance,Financial Services,12784250880,BSE
MATHEWE,Mathew Easow Research Securities Limited,Unknown,Unknown,86117496,BSE
AJCON,Ajcon Global Services Limited,Unknown,Unknown,277308512,BSE
CHRTEDCA,Chartered Capital and Investment Limited,Unknown,Unknown,677760576,BSE
STANCAP,Standard Capital Markets Limited,Unknown,Unknown,0,BSE
YOGI,Unknown,Unknown,Unknown,0,BSE
CUBIFIN,Cubical Financial Services Limited,Unknown,Unknown,144025696,BSE
RELICTEC,Relic Technologies Limited,Unknown,Unknown,54180000,BSE
NIMBSPROJ,Nimbus Projects Limited,Unknown,Unknown,878055936,BSE
BAIDFIN,Baid Finserv Limited,Credit Services,Financial Services,1789013120,BSE
VIPULLTD,Unknown,Real Estate—Diversified,Real Estate,5121040896,BSE
KZLFIN,K Z Leasing and Finance Limited,Unknown,Unknown,101241552,BSE
PASUFIN,Unknown,Unknown,Unknown,0,BSE
MEHTAHG,Mehta Housing Finance Limited,Unknown,Unknown,591744000,BSE
UGROCAP,UGRO Capital Limited,Credit Services,Financial Services,23379429376,BSE
SAHLIBHFI,Shalibhadra Finance Limited,Unknown,Unknown,4052260864,BSE
ABIRAFN,Abirami Financial Services (India) Limited,Unknown,Unknown,344700000,BSE
MANSIFIN,Mansi Finance (Chennai) Limited,Unknown,Unknown,407573984,BSE
SEVENHILL,Seven Hill Industries Limited,Unknown,Unknown,13003200,BSE
AASTAFIN,Unknown,Unknown,Unknown,0,BSE
MUTHOOTCAP,Unknown,Credit Services,Financial Services,6134917632,BSE
MASTERTR,Master Trust Limited,Unknown,Unknown,19376662528,BSE
ZNILKENG,Unknown,Unknown,Unknown,0,BSE
EFCIL,Unknown,Unknown,Unknown,0,BSE
SOBME,Unknown,Unknown,Unknown,0,BSE
CNIRESLTD,Cni Research Limited,Unknown,Unknown,1476379392,BSE
ZSARACOM,Saraswati Commercial (India) Limited,Unknown,Unknown,23598776320,BSE
WINROC,Unknown,Unknown,Unknown,0,BSE
INERTIAST,Unknown,Unknown,Unknown,0,BSE
PHTRADING,Unknown,Unknown,Unknown,0,BSE
KAPILCO,Kapil Cotex Limited,Unknown,Unknown,0,BSE
TCC,Unknown,Unknown,Unknown,0,BSE
ROYALIND,Royal India Corporation Limited,Unknown,Unknown,907736448,BSE
LUHARUKA,Luharuka Media & Infra Limited,Unknown,Unknown,375817216,BSE
SHYAM,Unknown,Unknown,Unknown,0,BSE
ZSANMCOM,Unknown,Unknown,Unknown,0,BSE
WARDHEALTH,Unknown,Unknown,Unknown,0,BSE
VISVEN,Schwab Intermediate Term U.S. T,Unknown,Unknown,0,BSE
MRUTR,Unknown,Unknown,Unknown,0,BSE
DECNGOLD,Deccan Gold Mines Limited,Unknown,Unknown,13336484864,BSE
UPL,UPL Limited,Agricultural Inputs,Basic Materials,466277302272,BSE
NIBEORD,Unknown,Unknown,Unknown,0,BSE
CRANESSOFT,Cranes Software International Limited,Unknown,Unknown,565281600,BSE
SAICOM,Unknown,Unknown,Unknown,0,BSE
EY,Unknown,Unknown,Unknown,0,BSE
TRIPR,Unknown,Unknown,Unknown,0,BSE
NIDHGRN,Nidhi Granites Limited,Unknown,Unknown,0,BSE
ROSEMER,Unknown,Unknown,Unknown,0,BSE
TWIROST,Unknown,Unknown,Unknown,0,BSE
SIGIND,Unknown,Specialty Chemicals,Basic Materials,2199238144,BSE
KAJALSY,Kajal Synthetics and Silk Mills Limited,Unknown,Unknown,0,BSE
AVANCE,Avance Technologies Limited,Unknown,Unknown,0,BSE
MLINDLTD,Unknown,Unknown,Unknown,0,BSE
TERRAREAL,Terraform Realstate Limited,Unknown,Unknown,0,BSE
SECURKLOUD,SecureKloud Technologies Limited,Software—Application,Technology,1120925568,BSE
ABANSENT,ABans Enterprises Limited,Unknown,Unknown,2305902080,BSE
VAMA,Vama Industries Limited,Unknown,Unknown,461775200,BSE
SUNTECK,Sunteck Realty Limited,Real Estate—Development,Real Estate,85415985152,BSE
BENTCOM,Unknown,Unknown,Unknown,0,BSE
SILVERO,Silveroak Commercials Limited,Unknown,Unknown,12265000,BSE
CLASELE,Classic Electricals Limited,Unknown,Unknown,0,BSE
PRISMMEDI,Prism Medico and Pharmacy Limited,Unknown,Unknown,179174352,BSE
SPVGLOBAL,Unknown,Unknown,Unknown,0,BSE
VERITAS,Veritas (India) Limited,Unknown,Unknown,30194761728,BSE
JAICORPLTD,Jai Corp Limited,Specialty Chemicals,Basic Materials,65321250816,BSE
ZNIVITRD,Unknown,Unknown,Unknown,0,BSE
ASHCAP,Ashirwad Capital Limited,Unknown,Unknown,199599984,BSE
SVARTCORP,Swasti Vinayaka Art and Heritage Corporation Limited,Unknown,Unknown,199200000,BSE
BAJGLOB,Unknown,Unknown,Unknown,0,BSE
MMWL,Media Matrix Worldwide Limited,Unknown,Unknown,25520631808,BSE
TASHIND,Unknown,Unknown,Unknown,0,BSE
AUTOINT,Unknown,Unknown,Unknown,0,BSE
ZSPEEDCO,Unknown,Unknown,Unknown,0,BSE
BHAGYANGR,Unknown,Copper,Basic Materials,3321081088,BSE
CHMBBRW,Chambal Breweries & Distilleries Limited,Unknown,Unknown,59984968,BSE
ZMANSOON,Unknown,Unknown,Unknown,0,BSE
SGMART,Unknown,Unknown,Unknown,0,BSE
CESL,Unknown,Unknown,Unknown,0,BSE
ARAVALIS,Aravali Securities & Finance Limited,Unknown,Unknown,77284376,BSE
YASTF,Unknown,Unknown,Unknown,0,BSE
ZSHERAPR,Unknown,Unknown,Unknown,0,BSE
MAGANTR,Unknown,Unknown,Unknown,0,BSE
CRESSAN,Cressanda Solutions Limited,Unknown,Unknown,3800796416,BSE
STARTECK,Starteck Finance Limited,Credit Services,Financial Services,2606416896,BSE
SHARDUL,Shardul Securities Limited,Unknown,Unknown,7302082048,BSE
SERA,Unknown,Unknown,Unknown,0,BSE
BENGALS,Unknown,Unknown,Unknown,0,BSE
UNIWSEC,Unknown,Unknown,Unknown,0,BSE
MERCTRD,Unknown,Unknown,Unknown,0,BSE
NIRAVCOM,Nirav Commercials Limited,Unknown,Unknown,440118016,BSE
WHITHAL,Unknown,Unknown,Unknown,0,BSE
ASUTENT,Unknown,Unknown,Unknown,0,BSE
APOLLOFI,Apollo Finvest (India) Limited,Unknown,Unknown,3119291648,BSE
ENBETRD,Enbee Trade and Finance Limited,Unknown,Unknown,19120598,BSE
GANONPRO,Unknown,Unknown,Unknown,0,BSE
DEVITRD,Unknown,Unknown,Unknown,0,BSE
SHRJAGP,Shri Jagdamba Polymers Limited,Unknown,Unknown,6606597120,BSE
LLOYDSME,Lloyds Metals and Energy Limited,Steel,Basic Materials,512124813312,BSE
PUNCTRD,Unknown,Unknown,Unknown,0,BSE
LLOYDSENT,Unknown,Unknown,Unknown,0,BSE
BETXIND,Betex India Limited,Unknown,Unknown,574499968,BSE
VIRYA,Unknown,Unknown,Unknown,0,BSE
DHANCOT,Dhanlaxmi Cotex Limited,Unknown,Unknown,0,BSE
OASISEC,Oasis Securities Limited,Unknown,Unknown,0,BSE
GARNETINT,Garnet International Limited,Unknown,Unknown,2342455552,BSE
SHALPRO,Shalimar Productions Limited,Unknown,Unknown,620126656,BSE
MEENST,Unknown,Unknown,Unknown,0,BSE
VARUNME,Unknown,Unknown,Unknown,0,BSE
VINVANI,Unknown,Unknown,Unknown,0,BSE
DONEAR,Donear Industries Limited,Textile Manufacturing,Consumer Cyclical,6388199936,BSE
SUPER,Super Sales India Limited,Unknown,Unknown,4967076352,BSE
SEQUENT,Sequent Scientific Limited,Drug Manufacturers—Specialty & Generic,Healthcare,56025874432,BSE
STCINDIA,The State Trading Corporation of India Limited,Conglomerates,Industrials,10293000192,BSE
ZENITHEXPO,Zenith Exports Limited,Textile Manufacturing,Consumer Cyclical,1534693504,BSE
KOHINOOR,Kohinoor Foods Limited,Packaged Foods,Consumer Defensive,1772759168,BSE
NEELKANTH,Unknown,Unknown,Unknown,0,BSE
AVANTIFEED,Unknown,Packaged Foods,Consumer Defensive,84840382464,BSE
ZODJRDMKJ,Zodiac-JRD-MKJ Limited,Unknown,Unknown,442286496,BSE
SITAENT,Sita Enterprises Limited,Unknown,Unknown,224910000,BSE
PULSRIN,Pulsar International Limited,Unknown,Unknown,0,BSE
MANBRO,Unknown,Unknown,Unknown,0,BSE
KEYFINSERV,Unknown,Capital Markets,Financial Services,1939869184,BSE
ADANIENT,Adani Enterprises Limited,Thermal Coal,Energy,3630672117760,BSE
ASTALLTD,Unknown,Unknown,Unknown,0,BSE
BHANDARI,Unknown,Apparel Manufacturing,Consumer Cyclical,1661145984,BSE
RLF,RLF Limited,Unknown,Unknown,121864336,BSE
REGENTRP,Regent Enterprises Limited,Unknown,Unknown,197726720,BSE
ORBTEXP,Orbit Exports Limited,Textile Manufacturing,Consumer Cyclical,4780012544,BSE
SAVERA,Savera Industries Limited,Unknown,Unknown,2089189120,BSE
CHROME,Unknown,Unknown,Unknown,0,BSE
ZJEETMAC,Unknown,Unknown,Unknown,0,BSE
NAVA,Nava Limited,Conglomerates,Industrials,160612286464,BSE
ZHINUDYP,Unknown,Unknown,Unknown,0,BSE
REMIEDEL,Remi Edelstahl Tubulars Limited,Unknown,Unknown,898689792,BSE
GSAUTO,G.S. Auto International Limited,Unknown,Unknown,640529344,BSE
TRANSFRE,Trans Freight Containers Limited,Unknown,Unknown,234124032,BSE
SBCL,Unknown,Metal Fabrication,Industrials,37385125888,BSE
GANDHITUBE,Gandhi Special Tubes Limited,Metal Fabrication,Industrials,10107425792,BSE
AMFORG,Amforge Industries Limited,Unknown,Unknown,151784960,BSE
ORICONENT,Unknown,Packaging & Containers,Consumer Cyclical,6226953216,BSE
ACROW,Acrow India Limited,Unknown,Unknown,505600000,BSE
STLSTRINF,Steel Strips Infrastructures Limited,Unknown,Unknown,294121280,BSE
PENIND,Pennar Industries Limited,Specialty Industrial Machinery,Industrials,24587161600,BSE
JYOTISTRUC,Jyoti Structures Limited,Specialty Industrial Machinery,Industrials,22732656640,BSE
JAYUSH,Jay Ushin Limited,Unknown,Unknown,2991896064,BSE
SSWL,Steel Strips Wheels Limited,Auto Parts,Consumer Cyclical,33928046592,BSE
MANINDS,Man Industries (India) Limited,Steel,Basic Materials,22362775552,BSE
IMEC,Unknown,Unknown,Unknown,0,BSE
MDRNSTL,Modern Steels Limited,Unknown,Unknown,302635168,BSE
SYNTHFO,Synthiko Foils Limited,Unknown,Unknown,172973408,BSE
GOLKONDA,Golkonda Aluminium Extrusions Limited,Unknown,Unknown,52854236,BSE
GUJTLRM,Gujarat Toolroom Limited,Unknown,Unknown,0,BSE
AJMERA,Ajmera Realty & Infra India Limited,Real Estate—Development,Real Estate,24158119936,BSE
COCHINM,Cochin Minerals and Rutile Limited,Unknown,Unknown,2542792448,BSE
ISWL,India Steel Works Limited,Unknown,Unknown,1445033984,BSE
KVFORGE,Unknown,Unknown,Unknown,0,BSE
CARBORUNIV,Carborundum Universal Limited,Conglomerates,Industrials,279714693120,BSE
MMTC,MMTC Limited,Conglomerates,Industrials,134895001600,BSE
VALLABHSQ,Vallabh Steels Limited,Unknown,Unknown,49005000,BSE
ASHIS,Ashiana Ispat Limited,Unknown,Unknown,462117696,BSE
PMTELELIN,P.M. Telelinnks Limited,Unknown,Unknown,50475752,BSE
SMFIL,Smiths & Founders (India) Limited,Unknown,Unknown,765997504,BSE
BLOIN,Bloom Industries Limited,Unknown,Unknown,0,BSE
SHAHALLOYS,Shah Alloys Limited,Steel,Basic Materials,1827309312,BSE
ELANGO,Elango Industries Limited,Unknown,Unknown,51517352,BSE
KANSHST,Kanishk Steel Industries Limited,Unknown,Unknown,1012325120,BSE
MAHALXSE,Mahalaxmi Seamless Limited,Unknown,Unknown,56405352,BSE
SIMPLEXCAS,Simplex Castings Limited,Unknown,Unknown,2041996032,BSE
SSWRL,Shree Steel Wire Ropes Limited,Unknown,Unknown,135804192,BSE
SIZEMASTER,Unknown,Unknown,Unknown,0,BSE
SOUTHMG,Southern Magnesium and Chemicals Limited,Unknown,Unknown,990899968,BSE
BAROEXT,Baroda Extrusion Limited,Unknown,Unknown,1936146432,BSE
GUJCONT,Gujarat Containers Limited,Unknown,Unknown,1000615040,BSE
KALYANIFRG,Kalyani Forge Limited,Auto Parts,Consumer Cyclical,1817726592,BSE
PANCHMAHQ,Panchmahal Steel Limited,Unknown,Unknown,3898650624,BSE
ADITYA,Aditya Ispat Limited,Unknown,Unknown,55853996,BSE
SRIND,S.R. Industries Limited,Unknown,Unknown,27149430,BSE
STEELCAS,Steelcast Limited,Steel,Basic Materials,16209203200,BSE
PITTIENG,Pitti Engineering Limited,Metal Fabrication,Industrials,45737181184,BSE
GLITTEKG,Glittek Granites Limited,Unknown,Unknown,102020440,BSE
PRADPME,Pradeep Metals Limited,Unknown,Unknown,5019525632,BSE
GNRL,Gujarat Natural Resources Limited,Unknown,Unknown,1243722880,BSE
TNSTLTU,Tamilnadu Steel Tubes Limited,Unknown,Unknown,105878368,BSE
SHRDAIS,Sharda Ispat Limited,Unknown,Unknown,2533069312,BSE
MAHASTEEL,Mahamaya Steel Industries Limited,Steel,Basic Materials,3378912768,BSE
NOVIS,Nova Iron & Steel Limited,Unknown,Unknown,0,BSE
STERPOW,Sterling Powergensys Limited,Unknown,Unknown,0,BSE
FFPL,Foundry Fuel Products Limited,Unknown,Unknown,0,BSE
HINDCOPPER,Hindustan Copper Limited,Copper,Basic Materials,337104568320,BSE
TULSYAN,Tulsyan NEC Limited,Unknown,Unknown,1380000000,BSE
AXELPOLY,Axel Polymers Limited,Unknown,Unknown,268234000,BSE
NLCINDIA,NLC India Limited,Utilities—Regulated Electric,Utilities,402264260608,BSE
SPECTRA,Spectra Industries Limited,Unknown,Unknown,32561100,BSE
KAJARIR,K I C Metaliks Limited,Unknown,Unknown,1699903360,BSE
SOLIDSTON,Solid Stone Company Limited,Unknown,Unknown,186793600,BSE
SHILGRAVQ,Shilp Gravures Limited,Unknown,Unknown,1070065216,BSE
WHITEORG,White Organic Agro Limited,Unknown,Unknown,255500000,BSE
MFSINTRCRP,MFS Intercorp Limited,Unknown,Unknown,0,BSE
AROGRANITE,Aro Granite Industries Limited,Building Products & Equipment,Industrials,902547008,BSE
RUDRAECO,Unknown,Unknown,Unknown,0,BSE
RAJKSYN,Rajkamal Synthetics Limited,Unknown,Unknown,382524992,BSE
DEEPAKSP,Deepak Spinners Limited,Unknown,Unknown,1491794304,BSE
LOYALTEX,Loyal Textile Mills Limited,Textile Manufacturing,Consumer Cyclical,2668794880,BSE
HIMATSEIDE,Himatsingka Seide Limited,Textile Manufacturing,Consumer Cyclical,15059027968,BSE
BSL,BSL Limited,Textile Manufacturing,Consumer Cyclical,2273032448,BSE
MARKOBENZ,Unknown,Unknown,Unknown,0,BSE
PBMPOLY,PBM Polytex Limited,Unknown,Unknown,627916928,BSE
ADINATH,Adinath Textiles Limited,Unknown,Unknown,210972272,BSE
KONARKSY,Konark Synthetic Limited,Unknown,Unknown,0,BSE
SURYALA,Suryalata Spinning Mills Limited,Unknown,Unknown,1693572224,BSE
SURYVANSP,Suryavanshi Spinning Mills Limited,Unknown,Unknown,125414216,BSE
TTL,T.T. Limited,Textile Manufacturing,Consumer Cyclical,2492692992,BSE
WELSPUNLIV,Welspun Living Limited,Textile Manufacturing,Consumer Cyclical,166142197760,BSE
INDIANACRY,Indian Acrylics Limited,Unknown,Unknown,1747006976,BSE
GANECOS,Ganesha Ecosphere Limited,Textile Manufacturing,Consumer Cyclical,49176035328,BSE
CEETAIN,Ceeta Industries Ltd.,Unknown,Unknown,593728256,BSE
VARDMNPOLY,Vardhman Polytex Limited,Textile Manufacturing,Consumer Cyclical,4179886080,BSE
RISHYRN,Unknown,Unknown,Unknown,0,BSE
BLACKROSE,Black Rose Industries Limited,Unknown,Unknown,7254750208,BSE
STCORP,S and T Corporation Limited,Unknown,Unknown,90846248,BSE
SUMEETINDS,Sumeet Industries Limited,Textile Manufacturing,Consumer Cyclical,439442048,BSE
RAMGOPOLY,Ramgopal Polytex Limited,Unknown,Unknown,87000000,BSE
SANGAMIND,Sangam (India) Limited,Textile Manufacturing,Consumer Cyclical,22635952128,BSE
TTLEL,Unknown,Unknown,Unknown,0,BSE
MKVENTURES,Unknown,Unknown,Unknown,0,BSE
KUSHIND,Kush Industries Limited,Unknown,Unknown,146552496,BSE
SRECR,Sreechem Resins Limited,Unknown,Unknown,260000000,BSE
SURBHIN,Unknown,Unknown,Unknown,0,BSE
SEASONST,Seasons Textiles Limited,Unknown,Unknown,157820624,BSE
ZENIFIB,Zenith Fibres Limited,Unknown,Unknown,330124512,BSE
BHILSPIN,Bhilwara Spinners Limited,Unknown,Unknown,1061835456,BSE
AARVEEDEN,Aarvee Denims and Exports Ltd.,Textile Manufacturing,Consumer Cyclical,1123724416,BSE
SANTETX,Sanrhea Technical Textiles Ltd.,Unknown,Unknown,572668992,BSE
ASHIMASYN,Ashima Limited,Textile Manufacturing,Consumer Cyclical,6897843712,BSE
PIONEEREMB,Pioneer Embroideries Limited,Textile Manufacturing,Consumer Cyclical,1599627392,BSE
VIPPYSP,Vippy Spinpro Limited,Unknown,Unknown,1038109504,BSE
JAIHINDS,Jaihind Synthetics Limited,Unknown,Unknown,311609024,BSE
RAGHUSYN,Raghuvir Synthetics Limited,Unknown,Unknown,517118752,BSE
JATTAINDUS,Jattashankar Industries Limited,Unknown,Unknown,0,BSE
KAMADGIRI,Kamadgiri Fashion Limited,Unknown,Unknown,562755200,BSE
OMNITEX,Omnitex Industries (India) Limited,Unknown,Unknown,1239789056,BSE
PATSPINLTD,Patspin India Limited,Unknown,Unknown,448649216,BSE
ONEGLOBAL,Unknown,Unknown,Unknown,0,BSE
NEOINFRA,Neo Infracon Limited,Unknown,Unknown,122056400,BSE
WINSOME,Winsome Yarns Limited,Textile Manufacturing,Consumer Cyclical,273636864,BSE
PREMIERPOL,Premier Polyfilm Ltd.,Specialty Chemicals,Basic Materials,4818155008,BSE
EVERFIN,Unknown,Unknown,Unknown,0,BSE
KRRAIL,Unknown,Unknown,Unknown,0,BSE
YARNSYN,Yarn Syndicate Limited,Unknown,Unknown,157500000,BSE
GUJCOTEX,Gujarat Cotex Limited,Textile Manufacturing,Consumer Cyclical,153265440,BSE
GARWSYN,Garware Synthetics Limited,Unknown,Unknown,168458096,BSE
ECOHOTELS,Unknown,Unknown,Unknown,0,BSE
MANORG,Mangalam Organics Limited,Specialty Chemicals,Basic Materials,4547289600,BSE
HINDADH,Hindustan Adhesives Limited,Unknown,Unknown,2091543424,BSE
BPAGRI,Unknown,Unknown,Unknown,0,BSE
SRIKPRIND,Sri KPR Industries Limited,Unknown,Unknown,725245184,BSE
LSIND,Unknown,Unknown,Unknown,0,BSE
JYOTIRES,Jyoti Resins and Adhesives Limited,Unknown,Unknown,6141000192,BSE
MHLXMIRU,Mahalaxmi Rubtech Limited,Textile Manufacturing,Consumer Cyclical,1758721792,BSE
SOUTLAT,Southern Latex Limited,Unknown,Unknown,233654592,BSE
OSWAYRN,Oswal Yarns Limited,Unknown,Unknown,198815808,BSE
WINSOMTX,Winsome Textile Industries Limited,Unknown,Unknown,1946323968,BSE
MODINSU,Modern Insulators Limited,Unknown,Unknown,7288446976,BSE
REGENCERAM,Regency Ceramics Limited,Building Products & Equipment,Industrials,2379479552,BSE
ASAHIINDIA,Asahi India Glass Limited,Auto Parts,Consumer Cyclical,187969339392,BSE
MURUDCERA,Murudeshwar Ceramics Ltd.,Building Products & Equipment,Industrials,3550981888,BSE
SAINTGOBAIN,Saint-Gobain Sekurit India Limited,Unknown,Unknown,11953067008,BSE
ANANTRAJ,Anant Raj Limited,Real Estate—Development,Real Estate,248417992704,BSE
MADHUDIN,Madhusudan Industries Limited,Unknown,Unknown,304117504,BSE
RESTILE,Restile Ceramics Limited,Unknown,Unknown,878616000,BSE
MADHAV,Madhav Marbles and Granites Limited,Building Products & Equipment,Industrials,488327264,BSE
RAMASIGNS,Ramasigns Industries Limited,Unknown,Unknown,74515496,BSE
HALDYNGL,Haldyn Glass Limited,Unknown,Unknown,8809903104,BSE
DUROPLY,Unknown,Unknown,Unknown,0,BSE
SHREYANIND,Shreyans Industries Limited,Paper & Paper Products,Basic Materials,3579880448,BSE
STARPAPER,Star Paper Mills Limited,Paper & Paper Products,Basic Materials,3552454656,BSE
PAKKA,Pakka Limited,Paper & Paper Products,Basic Materials,12795667456,BSE
TAHMARENT,Unknown,Unknown,Unknown,0,BSE
NATPLY,National Plywood Industries Limited,Unknown,Unknown,158699632,BSE
ARROWGREEN,Arrow Greentech Limited,Packaging & Containers,Consumer Cyclical,12486746112,BSE
VISHNU,Vishnu Chemicals Limited,Specialty Chemicals,Basic Materials,27026694144,BSE
JUMBO,Jumbo Bag Limited,Unknown,Unknown,382426848,BSE
NRAIL,Unknown,Paper & Paper Products,Basic Materials,6162616320,BSE
3PLAND,3P Land Holdings Limited,Real Estate Services,Real Estate,680220032,BSE
SANPA,Sangal Papers Limited,Unknown,Unknown,390543936,BSE
VENTURA,Ventura Textiles Limited,Unknown,Unknown,282072864,BSE
SHKARTP,Shree Karthik Papers Limited,Unknown,Unknown,224542496,BSE
STHINPA,The South India Paper Mills Limited,Unknown,Unknown,1490249984,BSE
FAMILYCARE,Unknown,Unknown,Unknown,0,BSE
VINDHYATEL,Vindhya Telelinks Limited,Engineering & Construction,Industrials,27536752640,BSE
RIR,Ruttonsha International Rectifier Ltd.,Unknown,Unknown,28310134784,BSE
ADORWELD,Ador Welding Limited,Specialty Industrial Machinery,Industrials,18565351424,BSE
SALZERELEC,Unknown,Electrical Equipment & Parts,Industrials,16441425920,BSE
JETKINGQ,Jetking Infotrain Limited,Unknown,Unknown,375835136,BSE
APLAB,Aplab Limited,Electrical Equipment & Parts,Industrials,901727872,BSE
PCS,PCS Technology Limited,Unknown,Unknown,610922432,BSE
USHAMART,Usha Martin Limited,Steel,Basic Materials,112023166976,BSE
SPELS,SPEL Semiconductor Limited,Unknown,Unknown,9401032704,BSE
SUBROS,Subros Limited,Auto Parts,Consumer Cyclical,49559638016,BSE
EDVENSWA,Unknown,Unknown,Unknown,0,BSE
PERVASIVE,Unknown,Unknown,Unknown,0,BSE
HONAUT,Honeywell Automation India Limited,Electrical Equipment & Parts,Industrials,436637564928,BSE
SWITCHTE,Switching Technologies Gunther Limited,Unknown,Unknown,167824992,BSE
LUMAXIND,Lumax Industries Limited,Auto Parts,Consumer Cyclical,24041893888,BSE
DIGISPICE,DiGiSPICE Technologies Limited,Information Technology Services,Technology,6980637696,BSE
CALCOM,Calcom Vision Limited,Unknown,Unknown,1277345024,BSE
DYNAVSN,Dynavision Limited,Unknown,Unknown,1505856000,BSE
BCCFUBA,BCC Fuba India Limited,Unknown,Unknown,1476802560,BSE
PRECISIO,Precision Electronics Limited,Unknown,Unknown,2197064448,BSE
HBLPOWER,HBL Power Systems Limited,Electrical Equipment & Parts,Industrials,174272512000,BSE
S&SPOWER,S&S Power Switchgear Limited,Electrical Equipment & Parts,Industrials,4737939968,BSE
GUJARATPOLY,Gujarat Poly Electronics Limited,Unknown,Unknown,1183319936,BSE
GIPCL,Gujarat Industries Power Company Limited,Utilities—Regulated Electric,Utilities,34938982400,BSE
MOTHERSON,Samvardhana Motherson International Limited,Auto Parts,Consumer Cyclical,1482898800640,BSE
MINDTECK,Mindteck (India) Limited,Information Technology Services,Technology,9260004352,BSE
HAVELLS,Havells India Limited,Electrical Equipment & Parts,Industrials,1253084102656,BSE
ACIIN,ACI Infocom Limited,Unknown,Unknown,239765472,BSE
SBECSYS,Unknown,Unknown,Unknown,0,BSE
INCAP,Incap Limited,Unknown,Unknown,394178432,BSE
GUJINTRX,Gujarat Intrux Limited,Unknown,Unknown,1767633536,BSE
IGARASHI,Igarashi Motors India Limited,Auto Parts,Consumer Cyclical,20178622464,BSE
SYMPHONY,Symphony Limited,"Furnishings, Fixtures & Appliances",Consumer Cyclical,113201299456,BSE
VINTRON,Vintron Informatics Limited,Unknown,Unknown,3888014592,BSE
PANELEC,Pan Electronics (India) Limited,Unknown,Unknown,398640000,BSE
VXLINSTR,VXL Instruments Limited,Unknown,Unknown,0,BSE
SHYAMTEL,Shyam Telecom Limited,Communication Equipment,Technology,150341808,BSE
LEENEE,Lee & Nee Softwares (Exports) Ltd.,Unknown,Unknown,654786752,BSE
PATELSAI,Patels Airtemp (India) Limited,Unknown,Unknown,3658178048,BSE
BUTTERFLY,Butterfly Gandhimathi Appliances Limited,"Furnishings, Fixtures & Appliances",Consumer Cyclical,17725835264,BSE
INTEGSW,Unknown,Unknown,Unknown,0,BSE
ATHENAGLO,Athena Global Technologies Limited,Unknown,Unknown,1092129408,BSE
NARMP,Narmada Macplast Drip Irrigation Systems Ltd.,Unknown,Unknown,0,BSE
DUTRON,Dutron Polymers Limited,Unknown,Unknown,1055699968,BSE
RSSOFTWARE,R S Software (India) Limited,Information Technology Services,Technology,6909122560,BSE
MAGNAELQ,Magna Electro Castings Limited,Unknown,Unknown,3642690048,BSE
MARSONS,Marsons Limited,Unknown,Unknown,38699999232,BSE
ELNET,Elnet Technologies Limited,Unknown,Unknown,1462803712,BSE
ACCEL,Accel Limited,Unknown,Unknown,1394971008,BSE
WEBELSOLAR,Websol Energy System Limited,Solar,Technology,45333786624,BSE
ROTO,Roto Pumps Limited,Specialty Industrial Machinery,Industrials,17629085696,BSE
TTKPRESTIG,TTK Prestige Limited,"Furnishings, Fixtures & Appliances",Consumer Cyclical,121225494528,BSE
DHINDIA,D & H India Limited,Unknown,Unknown,1074480000,BSE
RAJRATAN,Unknown,Steel,Basic Materials,28487606272,BSE
SURANAT&P,Surana Telecom and Power Limited,Utilities—Independent Power Producers,Utilities,3232445440,BSE
ONWARDTEC,Onward Technologies Limited,Information Technology Services,Technology,9385761792,BSE
CENTUM,Centum Electronics Limited,Electronic Components,Technology,23989983232,BSE
ALFATRAN,Alfa Transformers Limited,Unknown,Unknown,862996864,BSE
NHCFOODS,NHC Foods Limited,Unknown,Unknown,74330848,BSE
PVP,PVP Ventures Limited,Conglomerates,Industrials,8064711680,BSE
TRIGYN,Trigyn Technologies Limited,Information Technology Services,Technology,4017533952,BSE
KEI,KEI Industries Limited,Electrical Equipment & Parts,Industrials,389409701888,BSE
KEERTHI,Keerthi Industries Limited,Unknown,Unknown,897874880,BSE
SURAJ,Suraj Products Limited,Unknown,Unknown,6361769984,BSE
APCL,Anjani Portland Cement Limited,Building Materials,Basic Materials,5419650560,BSE
MODINATUR,Modi Naturals Limited,Unknown,Unknown,4796775424,BSE
PRSNTIN,Prashant India Ltd.,Unknown,Unknown,0,BSE
ZKHANDEN,Khandelwal Extractions Limited,Unknown,Unknown,64998644,BSE
TASTYBITE,Unknown,Packaged Foods,Consumer Defensive,33173121024,BSE
RITESHIN,Ritesh International Ltd,Unknown,Unknown,327915136,BSE
AVTNPL,AVT Natural Products Limited,Specialty Chemicals,Basic Materials,13618758656,BSE
HNDFDS,Hindustan Foods Limited,Packaged Foods,Consumer Defensive,75136974848,BSE
NAHARINDUS,Nahar Industrial Enterprises Limited,Textile Manufacturing,Consumer Cyclical,6465717760,BSE
VADILENT,Vadilal Enterprises Limited,Unknown,Unknown,4049967616,BSE
VADILALIND,Vadilal Industries Limited,Packaged Foods,Consumer Defensive,28475666432,BSE
ASHAI,Ashiana Agro Industries Limited,Unknown,Unknown,54050000,BSE
ADFFOODS,ADF Foods Limited,Packaged Foods,Consumer Defensive,29410594816,BSE
RGRL,Retro Green Revolution Limited,Unknown,Unknown,54471700,BSE
WILLIMFI,Williamson Financial Services Limited,Unknown,Unknown,61021724,BSE
AJANTSOY,Ajanta Soya Limited,Unknown,Unknown,713240384,BSE
WILLAMAGOR,Williamson Magor & Co. Limited,Credit Services,Financial Services,417877088,BSE
KISAAN,Unknown,Unknown,Unknown,0,BSE
SIEL,Superior Industrial Enterprises Limited,Unknown,Unknown,879475008,BSE
SPTRSHI,Saptarishi Agro Industries Ltd,Unknown,Unknown,0,BSE
SANWARIA,Sanwaria Consumer Limited,Farm Products,Consumer Defensive,368049984,BSE
PRIMAGR,Prima Agro Limited,Unknown,Unknown,135482992,BSE
TARAI,Tarai Foods Limited,Unknown,Unknown,166466864,BSE
MODAIRY,Modern Dairies Limited,Unknown,Unknown,1382170496,BSE
BAMBINO,Bambino Agro Industries Limited,Unknown,Unknown,3197933824,BSE
PRIMIND,Prime Industries Ltd.,Unknown,Unknown,2672035328,BSE
VIKASWSP,Vikas WSP Limited,Unknown,Unknown,331192800,BSE
VSFPROJ,VSF Projects Limited,Unknown,Unknown,337464640,BSE
BANSTEA,Unknown,Unknown,Unknown,0,BSE
POONADAL,Unknown,Unknown,Unknown,496596000,BSE
TRANSFD,Transglobe Foods Limited,Unknown,Unknown,19785412,BSE
ANIKINDS,Anik Industries Limited,Food Distribution,Consumer Defensive,2116204416,BSE
SHINDL,Sharat Industries Limited,Unknown,Unknown,1052637760,BSE
DATIWARE,Unknown,Unknown,Unknown,0,BSE
KMGMILK,Unknown,Unknown,Unknown,0,BSE
KSE,KSE Limited,Unknown,Unknown,7720479744,BSE
NARBADA,Narbada Gems and Jewellery Limited,Unknown,Unknown,606729984,BSE
VIRATCRA,Virat Crane Industries Limited,Unknown,Unknown,1477253504,BSE
IBINFO,IB Infotech Enterprises Limited,Unknown,Unknown,226047072,BSE
AMBARPIL,Ambar Protein Industries Limited,Unknown,Unknown,0,BSE
CHORDIA,Chordia Food Products Limited,Unknown,Unknown,354647136,BSE
CIANAGRO,CIAN Agro Industries & Infrastructure Limited,Unknown,Unknown,4820571136,BSE
OMEAG,Unknown,Unknown,Unknown,0,BSE
TAIIND,Tai Industries Limited,Unknown,Unknown,234300000,BSE
NKIND,N.K Industries Limited,Household & Personal Products,Consumer Defensive,309449760,BSE
BKV,BKV Industries Limited,Unknown,Unknown,204384976,BSE
NCCBLUE,NCC Bluewater Products Limited,Unknown,Unknown,205220000,BSE
NORBTEAEXP,Norben Tea & Exports Limited,Farm Products,Consumer Defensive,263199600,BSE
ASIANTNE,Asian Tea and Exports Ltd.,Unknown,Unknown,146700000,BSE
HERITGFOOD,Heritage Foods Limited,Packaged Foods,Consumer Defensive,59746701312,BSE
SIMRAN,Simran Farms Limited,Unknown,Unknown,798152832,BSE
HINDUST,Unknown,Unknown,Unknown,0,BSE
CCL,CCL Products (India) Limited,Packaged Foods,Consumer Defensive,92605030400,BSE
KELLTONTEC,Kellton Tech Solutions Limited,Software—Application,Technology,14338839552,BSE
SURFI,Suryo Foods & Industries Limited,Unknown,Unknown,69220800,BSE
INTEGFD,Integrated Proteins Limited,Unknown,Unknown,0,BSE
MAHAANF,Mahaan Foods Limited,Unknown,Unknown,227545504,BSE
RICOAUTO,Rico Auto Industries Limited,Auto Parts,Consumer Cyclical,15375139840,BSE
OMAXAUTO,Omax Autos Limited,Auto Parts,Consumer Cyclical,2741967104,BSE
MUNJALSHOW,Munjal Showa Limited,Auto Parts,Consumer Cyclical,6811148800,BSE
JAMNAAUTO,Jamna Auto Industries Limited,Auto Parts,Consumer Cyclical,47514587136,BSE
TVSHLTD,TVS Holdings Limited,Auto Parts,Consumer Cyclical,279183753216,BSE
JTEKTINDIA,JTEKT India Limited,Auto Parts,Consumer Cyclical,44905848832,BSE
MUNJALAU,Munjal Auto Industries Limited,Auto Parts,Consumer Cyclical,12519999488,BSE
JAYBARMARU,Jay Bharat Maruti Limited,Auto Parts,Consumer Cyclical,11003612160,BSE
RACLGEAR,RACL Geartech Limited,Unknown,Unknown,11141166080,BSE
SAMKRG,Samkrg Pistons and Rings Limited,Unknown,Unknown,1855583488,BSE
ECSTSTL,Eastcoast Steel Limited,Unknown,Unknown,0,BSE
RATNAMANI,Ratnamani Metals & Tubes Limited,Steel,Basic Materials,257980628992,BSE
VESUVIUS,Vesuvius India Limited,Specialty Industrial Machinery,Industrials,109987610624,BSE
ASAL,Automotive Stampings and Assemblies Limited,Auto Parts,Consumer Cyclical,12393269248,BSE
ARCEEIN,Arcee Industries Limited,Unknown,Unknown,32836804,BSE
ABCINDQ,ABC India Limited,Unknown,Unknown,693947200,BSE
BALTE,Balurghat Technologies Limited,Unknown,Unknown,522885984,BSE
COARO,Coastal Roadways Limited,Unknown,Unknown,162379296,BSE
SIBARAUT,Sibar Auto Parts Limited,Unknown,Unknown,198466448,BSE
SHREYAS,Shreyas Shipping and Logistics Limited,Marine Shipping,Industrials,7763074048,BSE
STARLOG,Starlog Enterprises Limited,Unknown,Unknown,643824576,BSE
SHVSUIT,Unknown,Unknown,Unknown,0,BSE
TITANIN,Unknown,Unknown,Unknown,0,BSE
EUROTEXIND,Eurotex Industries and Exports Limited,Real Estate—Development,Real Estate,150497600,BSE
ICIL,Indo Count Industries Limited,Textile Manufacturing,Consumer Cyclical,75884388352,BSE
MARALOVER,Maral Overseas Limited,Textile Manufacturing,Consumer Cyclical,3101477888,BSE
SOMATEX,Soma Textiles & Industries Limited,Textile Manufacturing,Consumer Cyclical,1295884544,BSE
ADVLIFE,Advance Lifestyles Limited,Unknown,Unknown,0,BSE
KAKTEX,Kakatiya Textiles Limited,Unknown,Unknown,122371232,BSE
OCTAVE,Perfect Octave Media Projects Limited,Unknown,Unknown,170724496,BSE
TRIDENT,Trident Limited,Textile Manufacturing,Consumer Cyclical,186139983872,BSE
HISARSP,Hisar Spinning Mills Limited,Unknown,Unknown,267650112,BSE
ALOKINDS,Unknown,Textile Manufacturing,Consumer Cyclical,135253131264,BSE
PASARI,Pasari Spinning Mills Limited,Unknown,Unknown,151800000,BSE
AMARJOTHI,Amarjothi Spinning Mills Limited,Unknown,Unknown,1472849920,BSE
OLYMPTX,Olympia Industries Limited,Unknown,Unknown,309491040,BSE
NAGREEKEXP,Nagreeka Exports Limited,Textile Manufacturing,Consumer Cyclical,1281842176,BSE
SUDTIND-B,Suditi Industries Limited,Unknown,Unknown,369864896,BSE
SBFL,Shree Bhavya Fabrics Limited,Unknown,Unknown,236454992,BSE
GEMSPIN,Gem Spinners India Limited,Unknown,Unknown,0,BSE
EUREKAI,Eureka Industries Limited,Unknown,Unknown,0,BSE
ADITYASP,Aditya Spinners Limited,Unknown,Unknown,462718464,BSE
PRIMEURB,Prime Urban Development India Limited,Unknown,Unknown,0,BSE
DHANFAB,Dhanlaxmi Fabrics Limited,Unknown,Unknown,566610048,BSE
SLSTLQ,Sri Lakshmi Saraswathi Textiles (Arni) Limited,Unknown,Unknown,123311752,BSE
ZODIACLOTH,Zodiac Clothing Company Limited,Apparel Manufacturing,Consumer Cyclical,3285603840,BSE
SRMCL,Sri Ramakrishna Mills (Coimbatore) Limited,Unknown,Unknown,639510720,BSE
SUPERSPIN,Super Spinning Mills Limited,Textile Manufacturing,Consumer Cyclical,659449984,BSE
SILINV,SIL Investments Limited,Asset Management,Financial Services,6306149888,BSE
SURYALAXMI,Suryalakshmi Cotton Mills Limited,Textile Manufacturing,Consumer Cyclical,1707333248,BSE
SAMTEX,Samtex Fashions Limited,Unknown,Unknown,212324992,BSE
CITYMAN,Unknown,Unknown,Unknown,0,BSE
DHANROTO,Dhanalaxmi Roto Spinners Limited,Unknown,Unknown,936072000,BSE
DAMODARIND,Unknown,Textile Manufacturing,Consumer Cyclical,1065742016,BSE
SANBLUE,Sanblue Corporation Limited,Unknown,Unknown,253678704,BSE
UNIROYAL,Uniroyal Industries Limited,Unknown,Unknown,183979024,BSE
TATIAGLOB,Tatia Global Vennture Limited,Unknown,Unknown,513991808,BSE
SUNILTX,Sunil Industries Limited,Unknown,Unknown,260820000,BSE
SRINACHA,Sri Nachammai Cotton Mills Limited,Unknown,Unknown,160906000,BSE
KDL,Kkrrafton Developers Limited,Unknown,Unknown,0,BSE
SAMBANDAM,Sambandam Spinning Mills Limited,Unknown,Unknown,712194880,BSE
KANDAGIRI,Kandagiri Spinning Mills Limited,Unknown,Unknown,94499088,BSE
MKPMOB,Unknown,Unknown,Unknown,0,BSE
PARASPETRO,Paras Petrofils Limited,Textile Manufacturing,Consumer Cyclical,1169773440,BSE
KITEX,Kitex Garments Limited,Apparel Manufacturing,Consumer Cyclical,36003102720,BSE
CRANEX,Cranex Limited,Unknown,Unknown,964200000,BSE
BATLIBOI,Batliboi Limited,Unknown,Unknown,5031025664,BSE
AUSTENG,Austin Engineering Company Limited,Unknown,Unknown,765116032,BSE
UNIDT,United Drilling Tools Limited,Oil & Gas Equipment & Services,Energy,5031108096,BSE
FLUIDOM,Fluidomat Limited,Unknown,Unknown,3261673984,BSE
EMAINDIA,Ema India Limited,Unknown,Unknown,32712750,BSE
WINDMACHIN,Windsor Machines Limited,Specialty Industrial Machinery,Industrials,13080510464,BSE
SHANTIGEAR,Shanthi Gears Limited,Specialty Industrial Machinery,Industrials,48534319104,BSE
MIVENMACH,Miven Machine Tools Limited,Unknown,Unknown,310862240,BSE
HONDAPOWER,Honda India Power Products Limited,Specialty Industrial Machinery,Industrials,41879339008,BSE
HITECHGEAR,The Hi-Tech Gears Limited,Auto Parts,Consumer Cyclical,16983943168,BSE
ELGIEQUIP,Elgi Equipments Limited,Specialty Industrial Machinery,Industrials,214387212288,BSE
UVDRHOR,United Van Der Horst Limited,Unknown,Unknown,544679808,BSE
KLBRENG-B,Kilburn Engineering Limited,Unknown,Unknown,5528994304,BSE
BIRLAPREC,Birla Precision Technologies Limited,Unknown,Unknown,3986715392,BSE
YUKEN,Yuken India Limited,Specialty Industrial Machinery,Industrials,15427099648,BSE
TIMKEN,Timken India Limited,Tools & Accessories,Industrials,285518921728,BSE
VOITHPAPR,Voith Paper Fabrics India Limited,Unknown,Unknown,10082023424,BSE
SOLIMAC,Solitaire Machine Tools Limited,Unknown,Unknown,478064448,BSE
DIACABS,Diamond Power Infrastructure Limited,Specialty Industrial Machinery,Industrials,75638784000,BSE
INDSILHYD,Indsil Hydro Power and Manganese Limited,Unknown,Unknown,1631337600,BSE
ITL,ITL Industries Limited,Unknown,Unknown,1533257600,BSE
FRONTSP,Frontier Springs Limited,Unknown,Unknown,8115299840,BSE
PRAJIND,Praj Industries Limited,Engineering & Construction,Industrials,143383314432,BSE
RASANDIK,Rasandik Engineering Industries India Limited,Unknown,Unknown,726560000,BSE
YOGISUNG,Yogi Infra Projects Limited,Unknown,Unknown,187156832,BSE
HLEGLAS,HLE Glascoat Limited,Specialty Industrial Machinery,Industrials,27517825024,BSE
GUJAPOLLO,Gujarat Apollo Industries Limited,Specialty Industrial Machinery,Industrials,4358329856,BSE
TANAA,Taneja Aerospace and Aviation Limited,Unknown,Unknown,12708424704,BSE
CONART,Conart Engineers Limited,Unknown,Unknown,492352000,BSE
MINALIND,Unknown,Unknown,Unknown,0,BSE
SHIVAGR,Shivagrico Implements Limited,Unknown,Unknown,116566200,BSE
MMFL,M M Forgings Limited,Metal Fabrication,Industrials,28696168448,BSE
MAYURUNIQ,Mayur Uniquoters Limited,Textile Manufacturing,Consumer Cyclical,26175846400,BSE
CENLUB,Cenlub Industries Limited,Unknown,Unknown,2315829248,BSE
RAJOOENG,Rajoo Engineers Limited,Unknown,Unknown,25190668288,BSE
DOLPHIN,Unknown,Oil & Gas Equipment & Services,Energy,22106540032,BSE
VJLAXMIE,Veejay Lakshmi Engineering Works Limited,Unknown,Unknown,370350112,BSE
AHMDSTE,Ahmedabad Steelcraft Limited,Unknown,Unknown,1190158208,BSE
GET&D,GE T&D India Limited,Specialty Industrial Machinery,Industrials,430581448704,BSE
RAMRAT,Ram Ratna Wires Limited,Electrical Equipment & Parts,Industrials,28562601984,BSE
JAYNECOIND,Jayaswal Neco Industries Limited,Steel,Basic Materials,49287856128,BSE
KPIL,Kalpataru Projects International Limited,Engineering & Construction,Industrials,219115290624,BSE
NMSRESRC,Unknown,Unknown,Unknown,0,BSE
CANDOUR,Unknown,Unknown,Unknown,0,BSE
TIGLOB,T & I Global Limited,Unknown,Unknown,1090315648,BSE
CONTROLPR,Control Print Limited,Business Equipment & Supplies,Industrials,13458319360,BSE
BEMHY,Bemco Hydraulics Limited,Unknown,Unknown,3037326336,BSE
ANSALBU,Ansal Buildwell Limited,Unknown,Unknown,1336105856,BSE
WEIZMANIND,Weizmann Limited,Textile Manufacturing,Consumer Cyclical,2109494400,BSE
BNRSEC,B.N.Rathi Securities Limited,Unknown,Unknown,906444032,BSE
RISHITECH,Rishi Techtex Limited,Unknown,Unknown,430156192,BSE
SINCLAIR,Sinclairs Hotels Limited,Lodging,Consumer Cyclical,5074740224,BSE
SAFARI,Unknown,Footwear & Accessories,Consumer Cyclical,118245072896,BSE
ZBINTXPP,Binayak Tex Processors Limited,Unknown,Unknown,1358583040,BSE
JJFINCOR,J.J. Finance Corporation Limited,Unknown,Unknown,113194800,BSE
COSMOFE,Cosmo Ferrites Limited,Unknown,Unknown,3301031936,BSE
CROPSTER,Unknown,Unknown,Unknown,0,BSE
FUTURSEC,Futuristic Securities Limited,Unknown,Unknown,51928500,BSE
SANCTRN,Sanco Trans Limited,Unknown,Unknown,1343340032,BSE
ADORMUL,Ador Multiproducts Limited,Unknown,Unknown,180822736,BSE
EIHAHOTELS,EIH Associated Hotels Limited,Lodging,Consumer Cyclical,24191711232,BSE
MEDICAPQ,Medi-Caps Limited,Unknown,Unknown,624372928,BSE
OTCO,Otco International Limited,Unknown,Unknown,100891824,BSE
MORGANITE,Morganite Crucible (India) Limited,Unknown,Unknown,9502080000,BSE
BAPACK,B & A Packaging India Limited,Unknown,Unknown,2167738624,BSE
ABAN,Aban Offshore Limited,Oil & Gas Drilling,Energy,4330121728,BSE
KOKUYOCMLN,Kokuyo Camlin Limited,Business Equipment & Supplies,Industrials,20176148480,BSE
SRMENERGY,SRM Energy Limited,Unknown,Unknown,174676800,BSE
BHARATSE,Bharat Seats Limited,Unknown,Unknown,6284709888,BSE
CONTPTR,Continental Petroleums Limited,Unknown,Unknown,275334080,BSE
NBFOOT,N B Footwear Limited,Unknown,Unknown,0,BSE
MACPLASQ,Machino Plastics Limited,Unknown,Unknown,1536347904,BSE
PEARLPOLY,Pearl Polymers Limited,Packaging & Containers,Consumer Cyclical,661611584,BSE
VENKEYS,Unknown,Farm Products,Consumer Defensive,27996395520,BSE
ADVANIHOTR,Advani Hotels & Resorts (India) Limited,Lodging,Consumer Cyclical,6789607424,BSE
GVFILM,GV Films Limited,Unknown,Unknown,722556096,BSE
SUPERHOUSE,Superhouse Limited,Footwear & Accessories,Consumer Cyclical,2514802688,BSE
RAMAVISION,Rama Vision Limited,Unknown,Unknown,1175583616,BSE
TCPLPACK,TCPL Packaging Limited,Packaging & Containers,Consumer Cyclical,30680004608,BSE
SHRIGANG,Shri Gang Industries & Allied Products Limited,Unknown,Unknown,0,BSE
PURITY,Unknown,Unknown,Unknown,0,BSE
BALMLAWRIE,Balmer Lawrie & Co. Ltd.,Conglomerates,Industrials,47282606080,BSE
KOVAI,Kovai Medical Center and Hospital Limited,Medical Care Facilities,Healthcare,58090479616,BSE
ELDEHSG,Eldeco Housing and Industries Limited,Real Estate Services,Real Estate,8921972736,BSE
MICROSE,Unknown,Unknown,Unknown,0,BSE
DCMSHRIRAM,DCM Shriram Limited,Specialty Chemicals,Basic Materials,162739732480,BSE
DCMSRIND,Unknown,Confectioners,Consumer Defensive,17568073728,BSE
MAWANASUG,Mawana Sugars Limited,Confectioners,Consumer Defensive,4969802240,BSE
MINID,Mini Diamonds (India) Limited,Unknown,Unknown,499732512,BSE
MAHAPEXLTD,Maha Rashtra Apex Corporation Limited,Credit Services,Financial Services,2281478400,BSE
NILKAMAL,Nilkamal Limited,"Furnishings, Fixtures & Appliances",Consumer Cyclical,28369164288,BSE
NAHARPOLY,Nahar Poly Films Limited,Packaging & Containers,Consumer Cyclical,6084300288,BSE
3MINDIA,3M India Limited,Conglomerates,Industrials,387677159424,BSE
JCHAC,Johnson Controls-Hitachi Air Conditioning India Limited,"Furnishings, Fixtures & Appliances",Consumer Cyclical,66334920704,BSE
JMFINANCIL,JM Financial Limited,Capital Markets,Financial Services,147425050624,BSE
ADCINDIA,ADC India Communications Limited,Unknown,Unknown,9040839680,BSE
TNTELE,Tamilnadu Telecommunications Limited,Communication Equipment,Technology,486045568,BSE
SUNRAJDI,Sunraj Diamond Exports Limited,Unknown,Unknown,56715456,BSE
RIIL,Reliance Industrial Infrastructure Limited,Engineering & Construction,Industrials,18802520064,BSE
LINDEINDIA,Linde India Limited,Specialty Chemicals,Basic Materials,716476841984,BSE
INDBNK,Ind Bank Housing Limited,Unknown,Unknown,503000000,BSE
JAIMATAG,Jai Mata Glass Limited,Unknown,Unknown,0,BSE
LOTUSCHO,Lotus Chocolate Company Limited,Unknown,Unknown,22747189248,BSE
PACIFICI,Pacific Industries Limited,Unknown,Unknown,1251186432,BSE
CMMHOSP,Chennai Meenakshi Multispeciality Hospital Limited,Unknown,Unknown,294424800,BSE
UNIOFFICE,Universal Office Automation Limited,Unknown,Unknown,103594592,BSE
APMIN,APM Industries Limited,Unknown,Unknown,1173499008,BSE
PRECWIRE,Precision Wires India Limited,Electrical Equipment & Parts,Industrials,36205043712,BSE
KRYPTONQ,Krypton Industries Limited,Unknown,Unknown,890497280,BSE
SWISSMLTRY,Unknown,Unknown,Unknown,0,BSE
MARBU,Martin Burn Limited,Unknown,Unknown,280885376,BSE
FEL,Future Enterprises Limited,Department Stores,Consumer Cyclical,600319552,BSE
INDTONER,Indian Toners & Developers Limited,Unknown,Unknown,3926763520,BSE
KUNSTOFF,Kunststoffe Industries Limited,Unknown,Unknown,223304896,BSE
SCI,The Shipping Corporation of India Limited,Marine Shipping,Industrials,121131024384,BSE
SIKA,Sika Interplant Systems Limited,Unknown,Unknown,11206160384,BSE
ITI,ITI Limited,Communication Equipment,Technology,254779179008,BSE
DREDGECORP,Dredging Corporation of India Limited,Engineering & Construction,Industrials,27924400128,BSE
PHRMASI,Phaarmasia Limited,Unknown,Unknown,387225184,BSE
PODDARHOUS,Unknown,Real Estate—Development,Real Estate,524302528,BSE
NFL,National Fertilizers Limited,Agricultural Inputs,Basic Materials,62671335424,BSE
IPRINGLTD,IP Rings Limited,Unknown,Unknown,2823556608,BSE
PIIND,PI Industries Limited,Agricultural Inputs,Basic Materials,717818691584,BSE
PLASTIBLEN,Plastiblends India Limited,Specialty Chemicals,Basic Materials,8000775168,BSE
YASHINNO,Unknown,Unknown,Unknown,0,BSE
WATERBASE,The Waterbase Limited,Packaged Foods,Consumer Defensive,2987286528,BSE
FLEXFO,Flex Foods Limited,Unknown,Unknown,1575547520,BSE
GOLKUNDIA,Golkunda Diamonds & Jewellery Limited,Unknown,Unknown,1886917504,BSE
APCOTEXIND,Apcotex Industries Limited,Specialty Chemicals,Basic Materials,22041901056,BSE
FORTISMLR,Fortis Malar Hospitals Limited,Unknown,Unknown,1102017792,BSE
MASTEK,Mastek Limited,Information Technology Services,Technology,81738817536,BSE
EIMCOELECO,Eimco Elecon (India) Limited,Farm & Heavy Construction Machinery,Industrials,17196982272,BSE
SAYAJIHOTL,Sayaji Hotels Limited,Unknown,Unknown,6188233728,BSE
JMGCORP,JMG Corporation Limited,Unknown,Unknown,0,BSE
ASHIANA,Ashiana Housing Limited,Real Estate—Development,Real Estate,32801306624,BSE
SVAMSOF,Svam Software Limited,Unknown,Unknown,57253712,BSE
ECOBOAR,Ecoboard Industries Limited,Unknown,Unknown,590417536,BSE
DVL,Dhunseri Ventures Limited,Capital Markets,Financial Services,17710288896,BSE
TIHIL,Unknown,Unknown,Unknown,0,BSE
MAHEPC,Mahindra EPC Irrigation Limited,Farm & Heavy Construction Machinery,Industrials,3613288960,BSE
MITSHI,Mitshi India Limited,Unknown,Unknown,160247984,BSE
SHUKJEW,Shukra Jewellery Limited,Unknown,Unknown,0,BSE
MAZDA,Unknown,Specialty Industrial Machinery,Industrials,5218715648,BSE
VHLTD,Viceroy Hotels Limited,Lodging,Consumer Cyclical,86021056,BSE
SOVERDIA,Sovereign Diamonds Limited,Unknown,Unknown,285001120,BSE
MENONBE,Menon Bearings Limited,Auto Parts,Consumer Cyclical,7414092288,BSE
MUKATPIP,Mukat Pipes Limited,Unknown,Unknown,237546400,BSE
GUJRAFFIA,Unknown,Unknown,Unknown,0,BSE
SIMPLEXINF,Simplex Infrastructures Limited,Engineering & Construction,Industrials,13851414528,BSE
INNOVTEC,Innovative Tech Pack Limited,Unknown,Unknown,906912000,BSE
SUPTANERY,Super Tannery Limited,Unknown,Unknown,1266523264,BSE
CONSTRONIC,Unknown,Unknown,Unknown,0,BSE
AXTEL,Axtel Industries Limited,Unknown,Unknown,7768843264,BSE
EASTINDIA,Unknown,Unknown,Unknown,0,BSE
VRWODAR,Unknown,Unknown,Unknown,0,BSE
APIL,AVI Products India Limited,Unknown,Unknown,26977476,BSE
POONAWALLA,Poonawalla Fincorp Limited,Credit Services,Financial Services,309798436864,BSE
HINFLUR,Hindustan Fluorocarbons Limited,Unknown,Unknown,373950816,BSE
KINGFA,Kingfa Science & Technology (India) Limited,Specialty Chemicals,Basic Materials,40154177536,BSE
PATIDAR,Patidar Buildcon Limited,Unknown,Unknown,54675664,BSE
RAMAPHO,Rama Phosphates Limited,Agricultural Inputs,Basic Materials,3649222400,BSE
VENLONENT,Venlon Enterprises Limited,Unknown,Unknown,447718208,BSE
PETPLST,Unknown,Unknown,Unknown,0,BSE
POLYPLEX,Polyplex Corporation Limited,Specialty Chemicals,Basic Materials,36826542080,BSE
ALBERTDAVD,Unknown,Drug Manufacturers—Specialty & Generic,Healthcare,8457440768,BSE
HARLETH,Haryana Leather Chemicals Limited,Unknown,Unknown,513425952,BSE
CARYSIL,Carysil Limited,"Furnishings, Fixtures & Appliances",Consumer Cyclical,22769420288,BSE
KABRAEXTRU,Kabra Extrusiontechnik Limited,Specialty Industrial Machinery,Industrials,14831965184,BSE
VINYLINDIA,Vinyl Chemicals (India) Limited,Specialty Chemicals,Basic Materials,7391685120,BSE
PCCOSMA,Pee Cee Cosma Sope Limited,Unknown,Unknown,1906093824,BSE
TCMLMTD,TCM Limited,Unknown,Unknown,152107040,BSE
IOLCP,IOL Chemicals and Pharmaceuticals Limited,Drug Manufacturers—Specialty & Generic,Healthcare,27879241728,BSE
KESARPE,Kesar Petroproducts Limited,Unknown,Unknown,0,BSE
VINATIORGA,Vinati Organics Limited,Specialty Chemicals,Basic Materials,220010364928,BSE
LACTOSE,Lactose (India) Limited,Unknown,Unknown,1538539008,BSE
TEEAI,Teesta Agro Industries Limited,Unknown,Unknown,0,BSE
AARTIIND,Aarti Industries Limited,Specialty Chemicals,Basic Materials,212853047296,BSE
PNTKYOR,Pentokey Organy (India) Limited,Unknown,Unknown,328309440,BSE
WANBURY,Wanbury Limited,Drug Manufacturers—Specialty & Generic,Healthcare,8562948096,BSE
RESONANCE,Resonance Specialties Limited,Unknown,Unknown,1151975808,BSE
GAEL,Gujarat Ambuja Exports Limited,Packaged Foods,Consumer Defensive,57953079296,BSE
RCF,Rashtriya Chemicals and Fertilizers Limited,Agricultural Inputs,Basic Materials,102613966848,BSE
KOPRAN,Kopran Limited,Drug Manufacturers—General,Healthcare,16042077184,BSE
AIMCOPEST,Aimco Pesticides Limited,Unknown,Unknown,954609664,BSE
GUJTERC,Gujarat Terce Laboratories Limited,Unknown,Unknown,609132416,BSE
SEYAIND,Seya Industries Limited,Specialty Chemicals,Basic Materials,720857664,BSE
JAYAGROGN,Jayant Agro-Organics Limited,Specialty Chemicals,Basic Materials,9452999680,BSE
BCLIND,Unknown,Beverages—Wineries & Distilleries,Consumer Defensive,17199149056,BSE
SHHARICH,Shree Hari Chemicals Export Limited,Unknown,Unknown,475087136,BSE
INDOBORAX,Indo Borax & Chemicals Limited,Chemicals,Basic Materials,6697182720,BSE
AARTIDRUGS,Aarti Drugs Limited,Drug Manufacturers—Specialty & Generic,Healthcare,47565361152,BSE
BODALCHEM,Bodal Chemicals Limited,Specialty Chemicals,Basic Materials,10598188032,BSE
ORCHPHARMA,Unknown,Drug Manufacturers—Specialty & Generic,Healthcare,67656740864,BSE
VIMTALABS,Vimta Labs Limited,Diagnostics & Research,Healthcare,11862379520,BSE
BIOFILCHEM,Biofil Chemicals and Pharmaceuticals Limited,Drug Manufacturers—Specialty & Generic,Healthcare,1314272128,BSE
ISHITADR,Ishita Drugs and Industries Limited,Unknown,Unknown,238386720,BSE
MARKSANS,Marksans Pharma Limited,Drug Manufacturers—General,Healthcare,136039841792,BSE
UNIVSTAR,Universal Starch-Chem Allied Limited,Unknown,Unknown,856379968,BSE
AAREYDRUGS,Unknown,Drug Manufacturers—Specialty & Generic,Healthcare,1954262656,BSE
NORRIS,Norris Medicines Limited,Unknown,Unknown,0,BSE
ASINPET,Asian Petro Products and Exports Limited,Unknown,Unknown,0,BSE
CAMEXLTD,Camex Limited,Unknown,Unknown,573218496,BSE
EVEXIA,Unknown,Unknown,Unknown,0,BSE
INDOEURO,Indo Euro Indchem Limited,Unknown,Unknown,146501808,BSE
SYNCOMF,Syncom Formulations (India) Limited,Drug Manufacturers—Specialty & Generic,Healthcare,21074800640,BSE
RIDDHI,Riddhi Siddhi Gluco Biols Limited,Unknown,Unknown,4775176704,BSE
SVCIND,SVC Industries Limited,Unknown,Unknown,877451136,BSE
IPCALAB,Ipca Laboratories Limited,Drug Manufacturers—Specialty & Generic,Healthcare,378158514176,BSE
KILITCH,Kilitch Drugs (India) Limited,Drug Manufacturers—Specialty & Generic,Healthcare,5580558336,BSE
RAAJMEDI,Raaj Medisafe India Limited,Unknown,Unknown,588672000,BSE
REVAORG,Unknown,Unknown,Unknown,0,BSE
CORALAB,Coral Laboratories Limited,Unknown,Unknown,3106196992,BSE
TULASEEBIOE,Tulasee Bio-Ethanol Limited,Unknown,Unknown,0,BSE
BACPHAR,Bacil Pharma Limited,Unknown,Unknown,173224896,BSE
KREBSBIO,Krebs Biochemicals & Industries Limited,Drug Manufacturers—Specialty & Generic,Healthcare,1724848000,BSE
KMCSHIL,KMC Speciality Hospitals (India) Limited,Unknown,Unknown,13560517632,BSE
LAFFANSQ,Laffans Petrochemicals Limited,Unknown,Unknown,372400000,BSE
BHASKAGR,Bhaskar Agrochemicals Limited,Unknown,Unknown,340188864,BSE
SUKHJITS,The Sukhjit Starch & Chemicals Limited,Specialty Chemicals,Basic Materials,8877982720,BSE
SATAGRI,Unknown,Unknown,Unknown,0,BSE
SHARMEH,Unknown,Unknown,Unknown,0,BSE
NEULANDLAB,Neuland Laboratories Limited,Drug Manufacturers—Specialty & Generic,Healthcare,160770834432,BSE
GAYATRIBI,Gayatri BioOrganics Limited,Unknown,Unknown,593928320,BSE
PODDARMENT,Unknown,Specialty Chemicals,Basic Materials,4340020224,BSE
PHARMAID,Pharmaids Pharmaceuticals Limited,Unknown,Unknown,421006304,BSE
VIVIDIND,Vivid Global Industries Limited,Unknown,Unknown,200018000,BSE
PRIYALT,Priya Limited,Unknown,Unknown,56413220,BSE
TIRUSTA,Tirupati Starch and Chemicals Limited,Unknown,Unknown,926163328,BSE
HEMORGANIC,Hemo Organic Limited,Unknown,Unknown,40204440,BSE
JAYSYNTH,Unknown,Unknown,Unknown,0,BSE
AEONXDIGI,Unknown,Unknown,Unknown,0,BSE
AKSHARCHEM,Unknown,Specialty Chemicals,Basic Materials,2563763712,BSE
BANDARAM,Unknown,Unknown,Unknown,0,BSE
ADLINE,Unknown,Unknown,Unknown,0,BSE
BERLDRG,Beryl Drugs Limited,Unknown,Unknown,209207632,BSE
INDXTRA,IEL Limited,Unknown,Unknown,20626552,BSE
ISTRNETWK,iStreet Network Limited,Unknown,Unknown,0,BSE
GAGAN,Gagan Gases Limited,Unknown,Unknown,105055128,BSE
PARKERAC,Parker Agrochem Exports Ltd.,Unknown,Unknown,81857416,BSE
SHUKRAPHAR,Shukra Pharmaceuticals Limited,Unknown,Unknown,116423968,BSE
ALUFLUOR,Alufluoride Limited,Unknown,Unknown,3023397632,BSE
OXYGENTAPH,Unknown,Unknown,Unknown,0,BSE
ARCHITORG,Archit Organosys Limited,Unknown,Unknown,693505664,BSE
SIKOZY,Sikozy Realtors Limited,Unknown,Unknown,56620408,BSE
INDOAMIN,Indo Amines Limited,Chemicals,Basic Materials,16193285120,BSE
INDSWFTLTD,Ind-Swift Limited,Drug Manufacturers—Specialty & Generic,Healthcare,1312410624,BSE
NATCAPSUQ,Natural Capsules Limited,Unknown,Unknown,1955821184,BSE
BIBCL,Bharat Immunologicals & Biologicals Corporation Limited,Unknown,Unknown,1227607424,BSE
SOTL,Savita Oil Technologies Limited,Specialty Chemicals,Basic Materials,38808612864,BSE
HESTERBIO,Hester Biosciences Limited,Drug Manufacturers—Specialty & Generic,Healthcare,20859672576,BSE
KABSON,Kabsons Industries Limited,Unknown,Unknown,700091648,BSE
BASANTGL,Basant Agro Tech (India) Limited,Unknown,Unknown,1870551680,BSE
SANDUPHQ,Sandu Pharmaceuticals Limited,Unknown,Unknown,417920608,BSE
NACLIND,NACL Industries Limited,Agricultural Inputs,Basic Materials,11021946880,BSE
VISTAPH,Vista Pharmaceuticals Limited,Unknown,Unknown,425040000,BSE
SUNPHARMA,Sun Pharmaceutical Industries Limited,Drug Manufacturers—Specialty & Generic,Healthcare,4606598316032,BSE
TITANBIO,Titan Biotech Limited,Unknown,Unknown,5992422400,BSE
BIJHANS,Unknown,Unknown,Unknown,0,BSE
SDL,Span Divergent Limited,Unknown,Unknown,122725520,BSE
JENBURPH,Jenburkt Pharmaceuticals Limited,Unknown,Unknown,4649730560,BSE
HIKAL,Hikal Limited,Drug Manufacturers—Specialty & Generic,Healthcare,45793988608,BSE
CAPLIPOINT,Unknown,Drug Manufacturers—Specialty & Generic,Healthcare,158127128576,BSE
FISCHER,Fischer Chemic Limited,Unknown,Unknown,110054760,BSE
LINKPH,Link Pharma Chem Limited,Unknown,Unknown,183839600,BSE
DECIPHER,Unknown,Unknown,Unknown,0,BSE
EMMESSA,Emmessar Biotech & Nutrition Limited,Unknown,Unknown,214232768,BSE
NGLFINE,NGL Fine-Chem Limited,Drug Manufacturers—General,Healthcare,12301982720,BSE
EVERESTO,Everest Organics Limited,Unknown,Unknown,1069600000,BSE
AUROPHARMA,Aurobindo Pharma Limited,Drug Manufacturers—Specialty & Generic,Healthcare,835512696832,BSE
PHYTO,Phyto Chem (India) Limited,Unknown,Unknown,130210056,BSE
NATCOPHARM,NATCO Pharma Limited,Drug Manufacturers—Specialty & Generic,Healthcare,250825654272,BSE
DYNAMIND,Dynamic Industries Limited,Unknown,Unknown,305878496,BSE
PANAMAPET,Panama Petrochem Limited,Oil & Gas Refining & Marketing,Energy,24127873024,BSE
BALPHARMA,Bal Pharma Limited,Drug Manufacturers—Specialty & Generic,Healthcare,2188909312,BSE
BDH,BDH Industries Limited,Unknown,Unknown,1929847040,BSE
JAUSPOL,Jauss Polymers Limited,Unknown,Unknown,40936384,BSE
GLOBUSCON,Globus Power Generation Limited,Unknown,Unknown,2202593536,BSE
CUBEXTUB,Cubex Tubings Limited,Copper,Basic Materials,1444500736,BSE
POLYCHMP,Polymechplast Machines Limited,Unknown,Unknown,329459136,BSE
STELLANT,Stellant Securities (India) Limited,Unknown,Unknown,0,BSE
GALXBRG,Galaxy Bearings Limited,Unknown,Unknown,4360574976,BSE
SCAGRO,SC Agrotech Limited,Unknown,Unknown,93402096,BSE
RALEGRA,Ravileela Granites Limited,Unknown,Unknown,450646016,BSE
UNRYLMA,Uniroyal Marine Exports Limited,Unknown,Unknown,102440896,BSE
SHERVANI,Shervani Industrial Syndicate Limited,Unknown,Unknown,1512571136,BSE
BNHOLDINGS,Unknown,Unknown,Unknown,0,BSE
SUPERTEX,Supertex Industries Limited,Unknown,Unknown,120558024,BSE
SHETR,Shetron Limited,Unknown,Unknown,1123611904,BSE
TRABI,Transgene Biotek Limited,Unknown,Unknown,589490624,BSE
MPL,MPL Plastics Limited,Unknown,Unknown,173709680,BSE
NIKHILAD,Nikhil Adhesives Limited,Unknown,Unknown,620689984,BSE
SPENTA,Spenta International Limited,Unknown,Unknown,324670560,BSE
MULTIBASE,Multibase India Limited,Unknown,Unknown,3495109120,BSE
ANDREWYU,Andrew Yule & Company Limited,Farm Products,Consumer Defensive,23269179392,BSE
LUDLOWJUT,Ludlow Jute & Specialities Limited,Unknown,Unknown,1649900160,BSE
ASHRAM,Ashram Online.com Limited,Unknown,Unknown,69000000,BSE
ROYALCU,Royal Cushion Vinyl Products Limited,Unknown,Unknown,364791456,BSE
SURJIND,Suraj Industries Limited,Unknown,Unknown,0,BSE
HITECHCORP,Hitech Corporation Limited,Packaging & Containers,Consumer Cyclical,4898509824,BSE
BLOOM,Bloom Dekor Limited,Unknown,Unknown,101517000,BSE
FILATEX,Filatex India Limited,Textile Manufacturing,Consumer Cyclical,27550081024,BSE
STDSFAC,Standard Surfactants Limited,Unknown,Unknown,0,BSE
MORGAN,Morgan Ventures Limited,Unknown,Unknown,611739648,BSE
AMRAPLIN,Amrapali Industries Limited,Unknown,Unknown,836450496,BSE
PREMEXPLN,Unknown,Specialty Chemicals,Basic Materials,28087539712,BSE
MIDEASTP,Mid East Portfolio Management Limited,Unknown,Unknown,44666400,BSE
MOLDTECH,Unknown,Engineering & Construction,Industrials,6761217024,BSE
CRSTCHM,Crestchem Limited,Unknown,Unknown,1017449984,BSE
MPHASIS,Mphasis Limited,Information Technology Services,Technology,569917702144,BSE
MEDINOV,Medinova Diagnostic Services Limited,Unknown,Unknown,387686912,BSE
DIVSHKT,Divyashakti Granites Limited,Unknown,Unknown,746548992,BSE
ORIENTLTD,Orient Press Limited,Packaging & Containers,Consumer Cyclical,1068499968,BSE
SHREYASI,Shreyas Intermediates Limited,Unknown,Unknown,705704896,BSE
PANJON,Unknown,Unknown,Unknown,0,BSE
NIRBHAYIND,Unknown,Unknown,Unknown,0,BSE
DUROPACK,Duropack Limited,Unknown,Unknown,483302560,BSE
SWARNSAR,Swarnsarita Gems Limited,Unknown,Unknown,1167639424,BSE
GANESHHOUC,Ganesh Housing Corporation Limited,Real Estate—Development,Real Estate,67977166848,BSE
NMDC,NMDC Limited,Steel,Basic Materials,714629251072,BSE
CINDHO,Cindrella Hotels Limited,Unknown,Unknown,209700000,BSE
PATINTLOG,Patel Integrated Logistics Limited,Integrated Freight & Logistics,Industrials,1522279168,BSE
ALPHAGEO,Alphageo (India) Limited,Oil & Gas Equipment & Services,Energy,2787769344,BSE
HAMPTON,Unknown,Unknown,Unknown,0,BSE
KKALPANAIND,Kkalpana Industries (India) Limited,Unknown,Unknown,1971767808,BSE
OKPLA,OK Play India Limited,Unknown,Unknown,264495552,BSE
KRITI,Unknown,Building Products & Equipment,Industrials,11790751744,BSE
ASMTEC,ASM Technologies Limited,Unknown,Unknown,7990999552,BSE
PERFEPA,Perfectpac Limited,Unknown,Unknown,157563776,BSE
AMBIT,Unknown,Unknown,Unknown,0,BSE
VISIONCINE,Vision Cinemas Limited,Unknown,Unknown,77907176,BSE
AEIM,Unknown,Unknown,Unknown,0,BSE
INDRANIB,Indrayani Biotech Limited,Unknown,Unknown,148013584,BSE
EUROLED,Euro Leder Fashion Limited,Unknown,Unknown,0,BSE
WINSOMBR,Winsome Breweries Limited,Unknown,Unknown,1534517120,BSE
ELEFLOR,Elegant Floriculture & Agrotech (India) Limited,Unknown,Unknown,141200000,BSE
SAENTER,South Asian Enterprises Limited,Unknown,Unknown,130880008,BSE
SKYIND,Sky Industries Limited,Unknown,Unknown,791775296,BSE
PHOENXINTL,Phoenix International Limited,Unknown,Unknown,1158818176,BSE
BHUDEVI,Unknown,Unknown,Unknown,0,BSE
PRATIK,Pratik Panels Limited,Unknown,Unknown,23819836,BSE
RISHIROOP,Rishiroop Limited,Unknown,Unknown,1928616448,BSE
PROMACT,Promact Impex Limited,Unknown,Unknown,92141968,BSE
STRGRENWO,Sterling Greenwoods Limited,Unknown,Unknown,207829600,BSE
SYSTMTXC,Systematix Corporate Services Limited,Unknown,Unknown,22307942400,BSE
SHAHISHIP,Shahi Shipping Limited,Unknown,Unknown,0,BSE
ALPINEHOU,Alpine Housing Development Corporation Limited,Unknown,Unknown,1785887872,BSE
SANGHIIND,Sanghi Industries Limited,Building Materials,Basic Materials,21867296768,BSE
WWALUM,Unknown,Unknown,Unknown,0,BSE
IIRM,Unknown,Unknown,Unknown,0,BSE
SFPIL,Square Four Projects India Limited,Unknown,Unknown,0,BSE
SCANPGEOM,Scanpoint Geomatics Limited,Unknown,Unknown,473438816,BSE
CHOKSILA,Choksi Laboratories Limited,Unknown,Unknown,521906944,BSE
CCHHL,Country Club Hospitality & Holidays Limited,Lodging,Consumer Cyclical,3619114752,BSE
LONTE,Longview Tea Company Limited,Unknown,Unknown,155398496,BSE
MIDWEST,Unknown,Unknown,Unknown,0,BSE
ENTRINT,Enterprise International Limited,Unknown,Unknown,101983776,BSE
TECHIN,Techindia Nirman Limited,Real Estate—Development,Real Estate,757702144,BSE
TPLPLASTEH,TPL Plastech Limited,Packaging & Containers,Consumer Cyclical,8112311808,BSE
WIMPLAST,Wim Plast Limited,Unknown,Unknown,8039877120,BSE
PHOTOQUP,Photoquip India Limited,Unknown,Unknown,113586928,BSE
LIBERTSHOE,Liberty Shoes Ltd.,Footwear & Accessories,Consumer Cyclical,8662284288,BSE
LIPPISYS,Lippi Systems Limited,Unknown,Unknown,143850000,BSE
ELECTHERM,Electrotherm (India) Limited,Steel,Basic Materials,12224167936,BSE
BLUEDART,Blue Dart Express Limited,Integrated Freight & Logistics,Industrials,205312770048,BSE
EXPOGAS,Expo Gas Containers Ltd,Unknown,Unknown,1142183936,BSE
NATPLAS,National Plastic Industries Limited,Unknown,Unknown,618165184,BSE
MFLINDIA,MFL India Limited,Unknown,Unknown,259410256,BSE
AJWAFUN,Ajwa Fun World & Resort Limited,Unknown,Unknown,0,BSE
TEXELIN,Texel Industries Limited,Unknown,Unknown,0,BSE
RAYALEMA,Royale Manor Hotels and Industries Limited,Unknown,Unknown,698791872,BSE
MIRZAINT,Mirza International Limited,Footwear & Accessories,Consumer Cyclical,6130640896,BSE
TFCILTD,Tourism Finance Corporation of India Limited,Credit Services,Financial Services,15245832192,BSE
THAKDEV,Thakkers Developers Limited,Unknown,Unknown,2043000064,BSE
ARENTERP,Rajdarshan Industries Limited,Other Industrial Metals & Mining,Basic Materials,143789952,BSE
BIL,Bhartiya International Ltd.,Footwear & Accessories,Consumer Cyclical,7847591936,BSE
KAMATHOTEL,Kamat Hotels (India) Limited,Lodging,Consumer Cyclical,5876858368,BSE
TIRTPLS,Unknown,Unknown,Unknown,0,BSE
KEEPLEARN,DSJ Keep Learning Limited,Education & Training Services,Consumer Defensive,1107112320,BSE
POLOHOT,Polo Hotels Limited,Unknown,Unknown,0,BSE
ECOPLAST,Ecoplast Limited,Unknown,Unknown,1766700032,BSE
ELEMARB,Elegant Marbles and Grani Industries Limited,Unknown,Unknown,958187968,BSE
BITS,Bits Limited,Unknown,Unknown,1642324992,BSE
ADARSHPL,Adarsh Plant Protect Limited,Unknown,Unknown,301309600,BSE
HPBL,Unknown,Unknown,Unknown,0,BSE
NICCOPAR,Nicco Parks & Resorts Limited,Unknown,Unknown,6727499776,BSE
NTCIND,ntc industries limited,Unknown,Unknown,2321462528,BSE
SANDESH,The Sandesh Limited,Publishing,Communication Services,13811542016,BSE
GARNET,Garnet Construction Limited,Unknown,Unknown,666888576,BSE
GOLDIAM,Goldiam International Limited,Luxury Goods,Consumer Cyclical,37420965888,BSE
BRIGHTBR,Bright Brothers Limited,Unknown,Unknown,1721964672,BSE
SHAWGELTIN,Narmada Gelatines Limited,Unknown,Unknown,2329999616,BSE
PGFOILQ,P G Foils Limited,Unknown,Unknown,1761086464,BSE
GRATEXI,Gratex Industries Limited,Unknown,Unknown,58419900,BSE
VELHO,Velan Hotels Limited,Unknown,Unknown,200095280,BSE
HOWARHO,Howard Hotels Limited,Unknown,Unknown,261639968,BSE
PRESSURS,Unknown,Unknown,Unknown,0,BSE
VALIANT,Valiant Communications Limited,Unknown,Unknown,4833578496,BSE
DRAGARWQ,Dr. Agarwal's Eye Hospital Limited,Unknown,Unknown,22759045120,BSE
MHSGRMS,Mahasagar Travels Limited,Unknown,Unknown,0,BSE
GREENPLY,Greenply Industries Limited,Lumber & Wood Production,Basic Materials,47172358144,BSE
SEAMECLTD,Seamec Limited,Marine Shipping,Industrials,35053445120,BSE
RAGHUNAT,Raghunath International Limited,Unknown,Unknown,66702668,BSE
CHEVIOT,Cheviot Company Limited,Textile Manufacturing,Consumer Cyclical,8222153728,BSE
DAICHI,Dai-ichi Karkaria Limited,Unknown,Unknown,4228572928,BSE
RAJINFRA,Rajeswari Infrastructure Limited,Unknown,Unknown,38163212,BSE
SPICEISLIN,Unknown,Unknown,Unknown,0,BSE
CONFIPET,Confidence Petroleum India Limited,Oil & Gas Refining & Marketing,Energy,27991304192,BSE
SIPL,Shelter Infra Projects Limited,Unknown,Unknown,47304620,BSE
SHAKTIPR,Shakti Press Limited,Unknown,Unknown,0,BSE
ASHSI,Ashirwad Steels & Industries Limited,Unknown,Unknown,493500000,BSE
BANARBEADS,Banaras Beads Limited,Footwear & Accessories,Consumer Cyclical,742593024,BSE
AREXMIS,Arex Industries Limited,Unknown,Unknown,704648576,BSE
BI,Bilcare Limited,Unknown,Unknown,1478873984,BSE
ISFL,ISF Limited,Unknown,Unknown,172900000,BSE
RISHILASE,Rishi Laser Limited,Unknown,Unknown,1516779008,BSE
JAINCO,Jainco Projects (India) Limited,Unknown,Unknown,0,BSE
KUMPFIN,Unknown,Unknown,Unknown,0,BSE
INTECCAP,Intec Capital Limited,Unknown,Unknown,283023136,BSE
RAJGASES,Rajasthan Gases Limited,Unknown,Unknown,0,BSE
SIDDHEGA,Unknown,Unknown,Unknown,0,BSE
63MOONS,63 moons technologies limited,Software—Application,Technology,18909513728,BSE
SARLAPOLY,Sarla Performance Fibers Limited,Textile Manufacturing,Consumer Cyclical,7078548992,BSE
MKTCREAT,Market Creators Limited,Unknown,Unknown,188370000,BSE
HFIL,Unknown,Unknown,Unknown,0,BSE
SONALAD,Sonal Adhesives Limited,Unknown,Unknown,448453376,BSE
PADMAIND,Padmanabh Industries Limited,Unknown,Unknown,29840524,BSE
21STCENMGM,Twentyfirst Century Management Services Limited,Capital Markets,Financial Services,1104075008,BSE
HRYNSHP,Hariyana Ship Breakers Limited,Unknown,Unknown,853467072,BSE
ARUNIS,Unknown,Unknown,Unknown,0,BSE
TYROON,Tyroon Tea Company Limited,Unknown,Unknown,519500672,BSE
LAOPALA,La Opala RG Limited,"Furnishings, Fixtures & Appliances",Consumer Cyclical,39205199872,BSE
STYLAMIND,Stylam Industries Limited,"Furnishings, Fixtures & Appliances",Consumer Cyclical,35880824832,BSE
VENUSREM,Venus Remedies Limited,Drug Manufacturers—Specialty & Generic,Healthcare,4485296640,BSE
LASTMILE,Unknown,Unknown,Unknown,0,BSE
GUJCRAFT,Gujarat Craft Industries Limited,Unknown,Unknown,649655040,BSE
HEERAISP,Heera Ispat Limited,Unknown,Unknown,45827012,BSE
DHOOTIN,Dhoot Industrial Finance Limited,Unknown,Unknown,1990485760,BSE
CRIMSON,Unknown,Unknown,Unknown,0,BSE
SHBAJRG,Shri Bajrang Alliance Limited,Unknown,Unknown,2187000064,BSE
ASHOKRE,Ashoka Refineries Limited,Unknown,Unknown,0,BSE
URJA,Unknown,Solar,Technology,11790479360,BSE
ASHAPURMIN,Ashapura Minechem Limited,Other Industrial Metals & Mining,Basic Materials,29990418432,BSE
SHREEPAC,Shree Pacetronix Limited,Unknown,Unknown,576443904,BSE
GUJALKALI,Gujarat Alkalies and Chemicals Limited,Chemicals,Basic Materials,60269662208,BSE
INDIACEM,The India Cements Limited,Building Materials,Basic Materials,113112399872,BSE
JKTYRE,JK Tyre & Industries Limited,Auto Parts,Consumer Cyclical,117266866176,BSE
MANGCHEFER,Mangalore Chemicals & Fertilizers Limited,Agricultural Inputs,Basic Materials,15833605120,BSE
SIL,Standard Industries Limited,Textile Manufacturing,Consumer Cyclical,1798636032,BSE
JUBLPHARMA,Jubilant Pharmova Limited,Drug Manufacturers—Specialty & Generic,Healthcare,184882724864,BSE
THEINVEST,The Investment Trust of India Limited,Capital Markets,Financial Services,10850704384,BSE
SAMYAKINT,Samyak International Limited,Unknown,Unknown,352467008,BSE
AADIIND,Aadi Industries Limited,Unknown,Unknown,56100000,BSE
SREEJAYA,Sree Jayalakshmi Autospin Limited,Unknown,Unknown,0,BSE
ACKNIT,Acknit Industries Limited,Unknown,Unknown,975991936,BSE
TITANSEC,Titan Securities Limited,Unknown,Unknown,1023662848,BSE
REALECO,Unknown,Unknown,Unknown,0,BSE
HRMNYCP,Harmony Capital Services Limited,Unknown,Unknown,0,BSE
VIVANZA,Vivanza Biosciences Limited,Unknown,Unknown,0,BSE
YASHRAJC,Yashraj Containeurs Limited,Unknown,Unknown,132940000,BSE
LORDSHOTL,Lords Ishwar Hotels Limited,Unknown,Unknown,147159008,BSE
CSLFINANCE,CSL Finance Limited,Credit Services,Financial Services,9719863296,BSE
SANGHVIMOV,Sanghvi Movers Limited,Rental & Leasing Services,Industrials,34357686272,BSE
SELAN,Selan Exploration Technology Limited,Oil & Gas E&P,Energy,13421599744,BSE
FRSHTRP,Freshtrop Fruits Limited,Unknown,Unknown,1730261248,BSE
FAZE3Q,Faze Three Limited,Textile Manufacturing,Consumer Cyclical,11159989248,BSE
PRADHIN,Unknown,Unknown,Unknown,0,BSE
ANUPAM,Unknown,Unknown,Unknown,0,BSE
RAJPACK,Raj Packaging Industries Limited,Unknown,Unknown,138189232,BSE
PRIVISCL,Privi Speciality Chemicals Limited,Specialty Chemicals,Basic Materials,58678034432,BSE
NATRAJPR,Natraj Proteins Limited,Unknown,Unknown,186225904,BSE
SAMRATPH,Samrat Pharmachem Limited,Unknown,Unknown,1855982848,BSE
NPRFIN,NPR Finance Limited,Unknown,Unknown,145128000,BSE
NILE,Nile Limited,Unknown,Unknown,6498513408,BSE
UDAICEMENT,Udaipur Cement Works Limited,Building Materials,Basic Materials,17769054208,BSE
AMCOIND,Amco India Limited,Unknown,Unknown,332827808,BSE
OPTIEMUS,Optiemus Infracom Limited,Electronics & Computer Distribution,Technology,65891110912,BSE
KREONFIN,Kreon Finnancial Services Limited,Unknown,Unknown,0,BSE
GYANDEV,Gyan Developers and Builders Limited,Unknown,Unknown,0,BSE
KISAN,Kisan Mouldings Limited,Unknown,Unknown,2357887488,BSE
GARODCH,Unknown,Unknown,Unknown,0,BSE
KERALAYUR,Kerala Ayurveda Limited,Unknown,Unknown,3108653568,BSE
MONGIPA,Moongipa Capital Finance Limited,Unknown,Unknown,182371568,BSE
MOHITPPR,Mohit Paper Mills Limited,Unknown,Unknown,531300000,BSE
DAULAT,Daulat Securities Limited,Unknown,Unknown,353650016,BSE
OSCARGLO,Unknown,Unknown,Unknown,0,BSE
ODYSSEY,Odyssey Technologies Limited,Unknown,Unknown,1862677376,BSE
SURATRAML,Unknown,Unknown,Unknown,0,BSE
ATHARVENT,Atharv Enterprises Limited,Unknown,Unknown,44880000,BSE
FUNDVISER,Unknown,Unknown,Unknown,0,BSE
THEMISMED,Themis Medicare Limited,Drug Manufacturers—Specialty & Generic,Healthcare,25904687104,BSE
KALLAM,Kallam Textiles Limited,Unknown,Unknown,310595872,BSE
BRAWN,Brawn Biotech Limited,Unknown,Unknown,60636060,BSE
FORINTL,Fortune International Limited,Unknown,Unknown,807136000,BSE
KINGSINFR,Kings Infra Ventures Limited,Unknown,Unknown,3627932416,BSE
SWOEF,Unknown,Unknown,Unknown,0,BSE
SUBSM,Subhash Silk Mills Limited,Unknown,Unknown,106012496,BSE
AUROLAB,Auro Laboratories Limited,Unknown,Unknown,1391405568,BSE
KJMCFIN,KJMC Financial Services Limited,Unknown,Unknown,477138272,BSE
SUVEN,Suven Life Sciences Limited,Drug Manufacturers—Specialty & Generic,Healthcare,31806093312,BSE
ARYAMAN,Aryaman Financial Services Limited,Unknown,Unknown,4664622592,BSE
BRIDGESE,Bridge Securities Limited,Unknown,Unknown,15798109,BSE
RISAINTL,Risa International Limited,Unknown,Unknown,0,BSE
RAJTUBE,Rajasthan Tube Manufacturing Company Limited,Unknown,Unknown,181438944,BSE
KAYPOWR,Kay Power And Paper Limited,Unknown,Unknown,0,BSE
INTSTOIL,Inter State Oil Carrier Limited,Unknown,Unknown,221059040,BSE
GLOBALCA,Global Capital Markets Limited,Unknown,Unknown,18919060,BSE
SAINIK,Sainik Finance & Industries Limited,Unknown,Unknown,456960000,BSE
ARIGATO,Unknown,Unknown,Unknown,0,BSE
RICHUNV,Rich Universe Network Limited,Unknown,Unknown,71802720,BSE
QUANTDIA,Quantum Digital Vision (India) Limited,Unknown,Unknown,0,BSE
SPCAPIT,S. P. Capital Financing Limited,Unknown,Unknown,321592576,BSE
PAOS,Unknown,Unknown,Unknown,0,BSE
KOTHARIPRO,Kothari Products Limited,Conglomerates,Industrials,5028697088,BSE
PICCADIL,Piccadily Agro Industries Limited,Unknown,Unknown,69773344768,BSE
CLSEL,Unknown,Packaged Foods,Consumer Defensive,15260786688,BSE
CHANDRAP,Chandra Prabhu International Ltd.,Unknown,Unknown,97590216,BSE
KIMIABL,Unknown,Unknown,Unknown,0,BSE
HINDTIN,Hindustan Tin Works Limited,Unknown,Unknown,2257774848,BSE
GODAVARI,Godavari Drugs Limited,Unknown,Unknown,960891776,BSE
PREMCO,Premco Global Limited,Unknown,Unknown,1566310016,BSE
MUKESHB,Mukesh Babu Financial Services Limited,Unknown,Unknown,1009037760,BSE
GENUSPOWER,Genus Power Infrastructures Limited,Electrical Equipment & Parts,Industrials,110317568000,BSE
ASIANENE,Asian Energy Services Limited,Oil & Gas Equipment & Services,Energy,16419860480,BSE
KBSINDIA,KBS India Limited,Unknown,Unknown,78991432,BSE
PRABHHANS,Unknown,Unknown,Unknown,0,BSE
UGARSUGAR,The Ugar Sugar Works Limited,Confectioners,Consumer Defensive,9986635776,BSE
ORIENTBELL,Orient Bell Limited,Building Products & Equipment,Industrials,5172326400,BSE
NRBBEARING,NRB Bearings Limited,Auto Parts,Consumer Cyclical,28989550592,BSE
VAMSHIRU,Vamshi Rubber Limited,Unknown,Unknown,208699344,BSE
NILAINFRA,Unknown,Real Estate—Development,Real Estate,5140251648,BSE
DBSTOCKBRO,DB (International) Stock Brokers Limited,Capital Markets,Financial Services,1639050112,BSE
VINYOFL,Vinyoflex Limited,Unknown,Unknown,457598048,BSE
JINDCAP,Jindal Capital Limited,Unknown,Unknown,398824192,BSE
EPIC,Epic Energy Limited,Unknown,Unknown,399012320,BSE
SUMEDHA,Sumedha Fiscal Services Limited,Unknown,Unknown,453594912,BSE
KUWERIN,Kuwer Industries Limited,Unknown,Unknown,184334976,BSE
CHOKSI,Choksi Imaging Limited,Unknown,Unknown,290589024,BSE
ASHISHPO,Ashish Polyplast Limited,Unknown,Unknown,180645072,BSE
SHIVAAGRO,Shiva Global Agro Industries Limited,Unknown,Unknown,413210528,BSE
SIDDHA,Siddha Ventures Limited,Unknown,Unknown,99280144,BSE
KIRANSY-B,Kiran Syntex Limited,Unknown,Unknown,33149220,BSE
SUMERUIND,Sumeru Industries Limited,Unknown,Unknown,158400000,BSE
RUNGTAIR,Rungta Irrigation Limited,Unknown,Unknown,707159552,BSE
CINERAD,Cinerad Communications Limited,Unknown,Unknown,0,BSE
VALSONQ,Valson Industries Limited,Unknown,Unknown,312943680,BSE
SABOOSOD,Saboo Sodium Chloro Limited,Unknown,Unknown,710481856,BSE
GSLSEC,GSL Securities Limited,Unknown,Unknown,50505000,BSE
TINNARUBR,Tinna Rubber and Infrastructure Limited,Unknown,Unknown,12927205376,BSE
VIKRAMTH,Vikram Thermo (India) Limited,Unknown,Unknown,1088744576,BSE
STRATMONT,Unknown,Unknown,Unknown,0,BSE
AKCAPIT,A. K. Capital Services Limited,Unknown,Unknown,7319399936,BSE
RELAXO,Relaxo Footwears Limited,Footwear & Accessories,Consumer Cyclical,202088677376,BSE
VIRAT,Virat Industries Limited,Unknown,Unknown,1623471360,BSE
RRETAIL,Unknown,Unknown,Unknown,0,BSE
TERAI,Terai Tea Company Limited,Unknown,Unknown,1279205760,BSE
COSCO,Cosco (India) Limited,Unknown,Unknown,1475074560,BSE
KENFIN,Unknown,Unknown,Unknown,0,BSE
SHILPAMED,Shilpa Medicare Limited,Drug Manufacturers—Specialty & Generic,Healthcare,81621172224,BSE
PARACABLES,Paramount Communications Limited,Communication Equipment,Technology,29091985408,BSE
NCLRESE,NCL Research & Financial Services Limited,Unknown,Unknown,111977240,BSE
POPEES,Unknown,Unknown,Unknown,0,BSE
EXPLICITFIN,Explicit Finance Limited,Unknown,Unknown,59590668,BSE
LADDERUP,Ladderup Finance Limited,Unknown,Unknown,616025152,BSE
UYFINCORP,Unknown,Unknown,Unknown,0,BSE
EKAMLEA,Ekam Leasing and Finance Co. Ltd.,Unknown,Unknown,47940000,BSE
SWASTIKA,Swastika Investmart Limited,Unknown,Unknown,528750400,BSE
PRIMAPLA,Prima Plastics Limited,Unknown,Unknown,1994940800,BSE
TELECANOR,Telecanor Global Limited,Unknown,Unknown,73699120,BSE
JAGSONFI,Jagsonpal Finance & Leasing Ltd.,Unknown,Unknown,0,BSE
GARGFUR,Garg Furnace Limited,Unknown,Unknown,1418478464,BSE
SAMPRE,Sampre Nutritions Limited,Unknown,Unknown,337110816,BSE
AAIL,Akar Auto Industries Limited,Unknown,Unknown,1211492480,BSE
VIPULORG,Vipul Organics Limited,Unknown,Unknown,2977056512,BSE
ECORECO,Eco Recycling Limited,Unknown,Unknown,17766563840,BSE
GOODLUCK,Goodluck India Limited,Steel,Basic Materials,38420267008,BSE
GOYALASS,Goyal Associates Limited,Unknown,Unknown,80864600,BSE
ZENITHHE,Zenith Healthcare Limited,Unknown,Unknown,291802752,BSE
ACEENGITEC,Unknown,Unknown,Unknown,0,BSE
YORKEXP,York Exports Limited,Unknown,Unknown,163432080,BSE
SUPREME,Supreme Holdings & Hospitality (India) Limited,Unknown,Unknown,3365338880,BSE
LYKISLTD,Lykis Limited,Unknown,Unknown,921678272,BSE
PRIMEPRO,Prime Property Development Corporation Limited,Unknown,Unknown,585333248,BSE
ZENLABS,Zenlabs Ethica Limited,Unknown,Unknown,278042944,BSE
RAJRILTD,Unknown,Textile Manufacturing,Consumer Cyclical,13067926528,BSE
FLORATX,Unknown,Unknown,Unknown,0,BSE
GOWRALE,Gowra Leasing and Finance Limited,Unknown,Unknown,176627664,BSE
JAGANLAM,Jagan Lamps Limited,Unknown,Unknown,633105344,BSE
AJEL,Ajel Limited,Unknown,Unknown,204457488,BSE
ALPSINDUS,Alps Industries Limited,Textile Manufacturing,Consumer Cyclical,148633584,BSE
ASITCFIN,Asit C. Mehta Financial Services Ltd.,Unknown,Unknown,849743360,BSE
ENCODE,Unknown,Unknown,Unknown,0,BSE
SUPERBAK,Super Bakers (India) Limited,Unknown,Unknown,90043680,BSE
OVOBELE,Ovobel Foods Limited,Unknown,Unknown,2001977472,BSE
CHALLANI,Unknown,Unknown,Unknown,0,BSE
CORNE,Coral Newsprints Ltd,Unknown,Unknown,72045856,BSE
STERTOOLS,Sterling Tools Limited,Tools & Accessories,Industrials,20551806976,BSE
AGARWAL,Unknown,Unknown,Unknown,0,BSE
DYNAMICP,Dynamic Portfolio Management & Services Limited,Unknown,Unknown,584356160,BSE
INLANPR,Inland Printers Limited,Unknown,Unknown,0,BSE
CEEJAY,Ceejay Finance Limited,Unknown,Unknown,918390016,BSE
SUNCITYSY,Suncity Synthetics Limited,Unknown,Unknown,0,BSE
SHGANEL,Shree Ganesh Elastoplast Limited,Unknown,Unknown,181566000,BSE
ANNAINFRA,Anna Infrastructures Limited,Unknown,Unknown,144932000,BSE
BHAGERIA,Bhageria Industries Limited,Specialty Chemicals,Basic Materials,10535709696,BSE
BNRUDY,BNR Udyog Limited,Unknown,Unknown,239670000,BSE
KRBL,KRBL Limited,Packaged Foods,Consumer Defensive,69227782144,BSE
SSPDL,SSPDL Limited,Unknown,Unknown,306163456,BSE
DAIKAFFI,Daikaffil Chemicals India Limited,Unknown,Unknown,1039500032,BSE
CILSEC,CIL Securities Limited,Unknown,Unknown,300900000,BSE
CLIOINFO,Clio Infotech Limited,Unknown,Unknown,71460736,BSE
CUPID,Cupid Limited,Household & Personal Products,Consumer Defensive,22094835712,BSE
SUNSHIEL,Sunshield Chemicals Limited,Unknown,Unknown,6910773248,BSE
HIPOLIN,Hipolin Limited,Unknown,Unknown,391725632,BSE
GDLLEAS,Unknown,Unknown,Unknown,0,BSE
CHEMBOND,Chembond Chemicals Limited,Specialty Chemicals,Basic Materials,8150342144,BSE
CIFL,Capital India Finance Limited,Unknown,Unknown,10960536576,BSE
ABVL,Unknown,Unknown,Unknown,0,BSE
SUCROSA,Super Crop Safe Limited,Unknown,Unknown,663941376,BSE
NGIND,N G Industries LTD,Unknown,Unknown,566234496,BSE
ASIAPAK,Asia Pack Limited,Unknown,Unknown,151387920,BSE
SICAPIT,SI Capital & Financial Services Limited,Unknown,Unknown,0,BSE
ERPSOFT,ERP Soft Systems Limited,Unknown,Unknown,451440000,BSE
RRSECUR,Unknown,Unknown,Unknown,0,BSE
REMSONSIND,Remsons Industries Limited,Auto Parts,Consumer Cyclical,7832034816,BSE
RAMSONS,Unknown,Unknown,Unknown,0,BSE
HARAFIN,Unknown,Unknown,Unknown,0,BSE
EUROASIA,Euro Asia Exports Limited,Unknown,Unknown,0,BSE
STANPACK,Stanpacks (India) Limited,Unknown,Unknown,0,BSE
SABTNL,Unknown,Broadcasting,Communication Services,22493253632,BSE
RAMINFO,Raminfo Limited,Unknown,Unknown,786838592,BSE
SUNILAGR,Sunil Agro Foods Limited,Unknown,Unknown,417853504,BSE
DIANATEA,Diana Tea Company Limited,Unknown,Unknown,601738752,BSE
VIKASECO,Vikas Ecotech Limited,Specialty Chemicals,Basic Materials,6614975488,BSE
IOC,Indian Oil Corporation Limited,Oil & Gas Refining & Marketing,Energy,2528554778624,BSE
ALFAICA,Alfa Ica (India) Limited,Unknown,Unknown,351520416,BSE
SKCIL,Shri Keshav Cements and Infra Limited,Unknown,Unknown,2501124352,BSE
INDIAHOME,India Home Loan Limited,Unknown,Unknown,516429888,BSE
ROOPAIND,Roopa Industries Limited,Unknown,Unknown,600375168,BSE
UNIQUEO,Unique Organics Limited,Unknown,Unknown,980756736,BSE
BALAMINES,Balaji Amines Limited,Specialty Chemicals,Basic Materials,76208775168,BSE
SWRNASE,Swarna Securities Limited,Unknown,Unknown,0,BSE
ARISE,Arihant's Securities Limited,Unknown,Unknown,158200000,BSE
VISAGAR,Visagar Financial Services Limited,Unknown,Unknown,24706840,BSE
LIBORD,Libord Securities Limited,Unknown,Unknown,0,BSE
ERAAYA,Unknown,Unknown,Unknown,0,BSE
COMPEAU,Competent Automobiles Company Limited,Unknown,Unknown,3577279232,BSE
ZDHJERK,Dhanvantri Jeevan Rekha Limited,Unknown,Unknown,87869696,BSE
NEELKAN,Neelkanth Rockminerals Limited,Unknown,Unknown,82464496,BSE
VINTAGES,Vintage Securities Limited,Unknown,Unknown,64169000,BSE
OSWALOR,Unknown,Unknown,Unknown,0,BSE
CONTILI,Contil India Limited,Unknown,Unknown,787834240,BSE
VIJSOLX,Vijay Solvex Limited,Unknown,Unknown,3492734976,BSE
SHRIKRISH,Shri Krishna Devcon Limited,Unknown,Unknown,1078000000,BSE
ALANKIT,Alankit Limited,Information Technology Services,Technology,6526773248,BSE
NIHARINF,Nihar Info Global Limited,Unknown,Unknown,45808400,BSE
UNITDCR,United Credit Limited,Unknown,Unknown,174326272,BSE
OMINFRAL,Om Infra Limited,Engineering & Construction,Industrials,16294602752,BSE
CHECKPOINT,Unknown,Unknown,Unknown,0,BSE
ISHANCH,Ishan Dyes & Chemicals Limited,Unknown,Unknown,993535232,BSE
GOTHIPL,Gothi Plascon India Limited,Unknown,Unknown,418200000,BSE
BALUFORGE,Balu Forge Industries Limited,Metal Fabrication,Industrials,86864117760,BSE
CEENIK,Ceenik Exports (India) Limited,Unknown,Unknown,4798707200,BSE
PATELENG,Patel Engineering Limited,Engineering & Construction,Industrials,45918199808,BSE
MENAMANI,Unknown,Unknown,Unknown,0,BSE
INANI,Inani Marbles and Industries Limited,Unknown,Unknown,478930624,BSE
GEMSI,Gemstone Investments Limited,Unknown,Unknown,230977488,BSE
ELFORGE,Unknown,Unknown,Unknown,0,BSE
MEDICAMEQ,Medicamen Biotech Limited,Drug Manufacturers—Specialty & Generic,Healthcare,7438041088,BSE
ALICON,Alicon Castalloy Limited,Metal Fabrication,Industrials,22028234752,BSE
DILIGENT,Diligent Industries Limited,Unknown,Unknown,160085008,BSE
EPSOMPRO,Epsom Properties Limited,Unknown,Unknown,0,BSE
ALFAVIO,Alfavision Overseas (India) Limited,Unknown,Unknown,55958648,BSE
ORGCOAT,Organic Coatings Limited,Unknown,Unknown,145817408,BSE
CATVISION,Catvision Limited,Unknown,Unknown,139066800,BSE
ABMKNO,ABM Knowledgeware Limited,Unknown,Unknown,2816309760,BSE
EMAMILTD,Emami Limited,Household & Personal Products,Consumer Defensive,326829375488,BSE
KEMISTAR,Kemistar Corporation Limited,Unknown,Unknown,1022358144,BSE
ASSOCER,Unknown,Unknown,Unknown,0,BSE
SKPSEC,SKP Securities Limited,Unknown,Unknown,618579456,BSE
SYSCHEM,Syschem (India) Limited,Unknown,Unknown,812121088,BSE
MEFCOMCAP,Mefcom Capital Markets Limited,Unknown,Unknown,191669360,BSE
HEMANG,Hemang Resources Limited,Unknown,Unknown,402072000,BSE
ARMANFIN,Arman Financial Services Limited,Credit Services,Financial Services,17642924032,BSE
GLANCE,Glance Finance Limited,Unknown,Unknown,241381296,BSE
SHILCTECH,Shilchar Technologies Limited,Unknown,Unknown,20734791680,BSE
TRADEWELL,Unknown,Unknown,Unknown,0,BSE
SPRIGHT,Unknown,Unknown,Unknown,0,BSE
NUCLEUS,Nucleus Software Exports Limited,Software—Application,Technology,32592039936,BSE
COLINZ,Colinz Laboratories Limited,Unknown,Unknown,265072304,BSE
NLFL,Unknown,Unknown,Unknown,0,BSE
MANAPPURAM,Manappuram Finance Limited,Credit Services,Financial Services,167086260224,BSE
RTSPOWR,RTS Power Corporation Limited,Unknown,Unknown,2702415360,BSE
COMFINTE,Comfort Intech Limited,Unknown,Unknown,436715360,BSE
SHYAMAINFO,Shyama Infosys Limited,Unknown,Unknown,0,BSE
MAYURFL,Mayur Floorings Limited,Unknown,Unknown,76050000,BSE
ANJANI,Anjani Synthetics Limited,Unknown,Unknown,627022464,BSE
XTGLOBAL,Unknown,Unknown,Unknown,0,BSE
DECOMIC,Deco-Mica Limited,Unknown,Unknown,364518016,BSE
RANDER,Rander Corporation Limited,Unknown,Unknown,0,BSE
RASIELEC,Rasi Electrodes Limited,Unknown,Unknown,1204127744,BSE
SCOOBEEDAY,Unknown,Unknown,Unknown,0,BSE
CITIPOR,Citiport Financial Services Limited,Unknown,Unknown,0,BSE
DHRUVCA,Dhruva Capital Services Ltd.,Unknown,Unknown,1342841984,BSE
SHAMROIN,Unknown,Unknown,Unknown,0,BSE
LINC,Linc Limited,Business Equipment & Supplies,Industrials,10061854720,BSE
PRIMAIN,Prima Industries Limited,Unknown,Unknown,232025856,BSE
INDGELA,India Gelatine & Chemicals Limited,Unknown,Unknown,2581242624,BSE
OPTIFIN,Optimus Finance Limited,Unknown,Unknown,736100864,BSE
PARAGONF,Paragon Finance Limited,Unknown,Unknown,267325008,BSE
PRATIKSH,Pratiksha Chemicals Limited,Unknown,Unknown,124775616,BSE
ESHAMEDIA,Esha Media Research Limited,Unknown,Unknown,135137952,BSE
REFEXRENEW,Unknown,Unknown,Unknown,0,BSE
VSTTILLERS,V.S.T. Tillers Tractors Limited,Farm & Heavy Construction Machinery,Industrials,40420470784,BSE
B2BSOFT,B2B Software Technologies Limited,Unknown,Unknown,459592800,BSE
NIKKIGL,Nikki Global Finance Limited,Unknown,Unknown,0,BSE
RADHEDE,Radhe Developers (India) Limited,Unknown,Unknown,78561288,BSE
ELIXIR,Elixir Capital Limited,Unknown,Unknown,1060244608,BSE
TRISHAKT,Trishakti Electronics & Industries Limited,Unknown,Unknown,415586912,BSE
PANKAJPO,Pankaj Polymers Limited,Unknown,Unknown,62756948,BSE
MARBLE,Unknown,Unknown,Unknown,0,BSE
CINDRELL,Cindrella Financial Services Limited,Unknown,Unknown,0,BSE
NATPLASTI,National Plastic Technologies Limited,Unknown,Unknown,2375107328,BSE
LEADFIN,Lead Financial Services Limited,Unknown,Unknown,82335000,BSE
NATFIT,National Fittings Limited,Unknown,Unknown,1262562048,BSE
ARTEFACT,Artefact Projects Limited,Unknown,Unknown,487432000,BSE
AMITINT,Amit International Limited,Unknown,Unknown,74274984,BSE
NUTECGLOB,Nutech Global Limited,Unknown,Unknown,59268448,BSE
DHPIND,DHP India Limited,Unknown,Unknown,1798499968,BSE
RRIL,Unknown,Unknown,Unknown,0,BSE
AVAILFC,Available Finance Limited,Unknown,Unknown,3780980992,BSE
INTCAPL,Unknown,Unknown,Unknown,0,BSE
HAVISHA,Sri Havisha Hospitality and Infrastructure Limited,Lodging,Consumer Cyclical,679486144,BSE
JAYIND,Unknown,Unknown,Unknown,0,BSE
ROSELABS,Roselabs Finance Limited,Unknown,Unknown,308600000,BSE
CHARMS,Charms Industries Limited,Unknown,Unknown,0,BSE
KRETTOSYS,Kretto Syscon Limited,Unknown,Unknown,16820192,BSE
VIKALPS,Vikalp Securities Limited,Unknown,Unknown,137884848,BSE
ZYDUSWELL,Zydus Wellness Limited,Packaged Foods,Consumer Defensive,124305309696,BSE
WINPRO,Unknown,Unknown,Unknown,0,BSE
MILESTONE,Milestone Global Limited,Unknown,Unknown,158452656,BSE
BERVINL,Bervin Investment and Leasing Limited,Unknown,Unknown,382550784,BSE
GUJINV,Gujarat Investa Limited,Unknown,Unknown,134802704,BSE
CONCOR,Container Corporation of India Limited,Railroads,Industrials,560977018880,BSE
EASTRED,Eastern Treads Limited,Unknown,Unknown,234498240,BSE
PANACEABIO,Panacea Biotec Limited,Biotechnology,Healthcare,19352160256,BSE
PEETISEC,Peeti Securities Limited,Unknown,Unknown,93009920,BSE
MERCURYEV,Unknown,Unknown,Unknown,0,BSE
CHOICEIN,Choice International Limited,Capital Markets,Financial Services,95542419456,BSE
SRAMSET,Shriram Asset Management Company Limited,Unknown,Unknown,2712000000,BSE
GOLECHA,Golechha Global Finance Limited,Unknown,Unknown,203774992,BSE
EKANSH,Unknown,Unknown,Unknown,0,BSE
SPAR,Unknown,Unknown,Unknown,0,BSE
BYKE,Unknown,Lodging,Consumer Cyclical,3776656640,BSE
CSURGSU,Centenial Surgical Suture Limited,Unknown,Unknown,506748832,BSE
ARIHANT,Arihant Foundations & Housing Limited,Unknown,Unknown,4112089856,BSE
HASTIFIN,Hasti Finance Limited,Unknown,Unknown,96364936,BSE
UPSURGE,Upsurge Investment & Finance Ltd.,Unknown,Unknown,2243312896,BSE
PADAMCO,Padam Cotton Yarns Limited,Unknown,Unknown,441521984,BSE
POLYCON,Polycon International Ltd.,Unknown,Unknown,0,BSE
SOURCENTRL,Source Natural Foods and Herbal Supplements Limited,Unknown,Unknown,1458608384,BSE
GGAUTO,Unknown,Unknown,Unknown,0,BSE
ALMONDZ,Almondz Global Securities Limited,Capital Markets,Financial Services,5319575552,BSE
LWSKNIT,LWS Knitwear Limited,Unknown,Unknown,227931504,BSE
ANSINDUS,ANS Industries Limited,Unknown,Unknown,107087288,BSE
TUNITEX,Tuni Textile Mills Limited,Unknown,Unknown,237748432,BSE
RADIXIND,Radix Industries (India) Limited,Unknown,Unknown,2408655616,BSE
KIRANPR,Kiran Print-Pack Limited,Unknown,Unknown,59634568,BSE
NARPROP,Narendra Properties Limited,Unknown,Unknown,312681600,BSE
MEGACOR,Mega Corporation Limited,Unknown,Unknown,408000000,BSE
TNPL,Tamil Nadu Newsprint and Papers Limited,Paper & Paper Products,Basic Materials,14399265792,BSE
SHAKTIPUMP,Shakti Pumps (India) Limited,Specialty Industrial Machinery,Industrials,90362314752,BSE
SYTIXSE,Unknown,Unknown,Unknown,0,BSE
SUNGOLD,Sungold Capital Limited,Unknown,Unknown,55578568,BSE
PWASML,Prakash Woollen & Synthetic Mills Limited,Unknown,Unknown,379202208,BSE
GOLDTECH,AION-TECH Solutions Limited,Information Technology Services,Technology,3398382848,BSE
LYONSCO,Unknown,Unknown,Unknown,0,BSE
VARDHMAN,Vardhman Concrete Limited,Unknown,Unknown,0,BSE
GRMOVER,GRM Overseas Limited,Packaged Foods,Consumer Defensive,15473999872,BSE
MOHITIND,Mohit Industries Limited,Textile Manufacturing,Consumer Cyclical,400093792,BSE
POLYLINK,Polylink Polymers (India) Limited,Unknown,Unknown,817904448,BSE
MINAXI,Minaxi Textiles Limited,Unknown,Unknown,105750248,BSE
CONTICON,Continental Controls Limited,Unknown,Unknown,74492672,BSE
NOUVEAU,Nouveau Global Ventures Limited,Unknown,Unknown,10018620,BSE
DUKEOFS,Duke Offshore Limited,Unknown,Unknown,250570032,BSE
CYBELEIND,Cybele Industries Ltd,Unknown,Unknown,468262112,BSE
FILME,Unknown,Unknown,Unknown,0,BSE
CGVAK,CG-VAK Software and Exports Limited,Unknown,Unknown,1465315456,BSE
NAVKAR,Unknown,Unknown,Unknown,0,BSE
MADHUCON,Madhucon Projects Limited,Engineering & Construction,Industrials,950478272,BSE
SYBLY,Sybly Industries Limited,Unknown,Unknown,73462776,BSE
RAJESHEXPO,Rajesh Exports Limited,Luxury Goods,Consumer Cyclical,85418713088,BSE
ESARIND,Esaar (India) Limited,Unknown,Unknown,110593920,BSE
MARIS,Maris Spinners Limited,Unknown,Unknown,327303008,BSE
INDERGR,Indergiri Finance Limited,Unknown,Unknown,0,BSE
SKRABUL,Shukra Bullions Limited,Unknown,Unknown,103064408,BSE
EVEREADY,Eveready Industries India Limited,Electrical Equipment & Parts,Industrials,33472499712,BSE
STEP2COR,Step Two Corporation Limited,Unknown,Unknown,142496912,BSE
ORIENTTR,Orient Tradelink Limited,Unknown,Unknown,814699456,BSE
MAHANIN,Mahan Industries Limited,Unknown,Unknown,105840000,BSE
VIKASPROP,Unknown,Unknown,Unknown,0,BSE
DESHRAK,Unknown,Unknown,Unknown,0,BSE
ACESOFT,Ace Software Exports Limited,Unknown,Unknown,1796652032,BSE
SOFTRAKV,Unknown,Unknown,Unknown,0,BSE
HATSUN,Hatsun Agro Product Limited,Packaged Foods,Consumer Defensive,261829132288,BSE
ACCEDERE,Unknown,Unknown,Unknown,0,BSE
JYOTHI,Unknown,Unknown,Unknown,0,BSE
RISHDIGA,Rishabh Digha Steel And Allied Products Limited,Unknown,Unknown,245790720,BSE
MAINFRA,Maruti Infrastructure Limited,Unknown,Unknown,330375008,BSE
KOBO,Unknown,Unknown,Unknown,0,BSE
JINDWORLD,Jindal Worldwide Limited,Textile Manufacturing,Consumer Cyclical,68648022016,BSE
SOMANYCERA,Somany Ceramics Limited,Building Products & Equipment,Industrials,30231953408,BSE
JHACC,Jhaveri Credits and Capital Limited,Unknown,Unknown,1821357824,BSE
RAGHUTOB,RTCL Limited,Unknown,Unknown,256825680,BSE
DRL,Disha Resources Limited,Unknown,Unknown,0,BSE
CORALFINAC,Coral India Finance and Housing Limited,Real Estate Services,Real Estate,2215411968,BSE
ASHUTPM,Tridev Infraestates Limited,Unknown,Unknown,0,BSE
SANJIVIN,Sanjivani Paranteral Limited.,Unknown,Unknown,1863862784,BSE
VASINFRA,Vas Infrastructure Limited,Unknown,Unknown,67931000,BSE
KMFBLDR,KMF Builders & Developers Limited,Unknown,Unknown,113658056,BSE
BERYLSE,Beryl Securities Limited,Unknown,Unknown,150243696,BSE
RAP,Rap Media Limited,Unknown,Unknown,248825120,BSE
DEVINE,Devine Impex Limited,Unknown,Unknown,96847152,BSE
BAMPSL,Bampsl Securities Limited,Unknown,Unknown,304955392,BSE
GENPHARMA,Unknown,Unknown,Unknown,0,BSE
INCON,Incon Engineers Limited,Unknown,Unknown,77368544,BSE
CGCL,Capri Global Capital Limited,Credit Services,Financial Services,169483927552,BSE
FDC,FDC Limited,Drug Manufacturers—Specialty & Generic,Healthcare,87665049600,BSE
GOGIACAP,Gogia Capital Services Limited,Unknown,Unknown,457964416,BSE
GORANIN,Gorani Industries Limited,Unknown,Unknown,503597856,BSE
KGPETRO,KG Petrochem Limited,Unknown,Unknown,1129563392,BSE
UFMINDL,Unknown,Unknown,Unknown,0,BSE
STARCOM,Starcom Information Technology Limited,Unknown,Unknown,583820032,BSE
COUNCODOS,Country Condo's Limited,Real Estate—Development,Real Estate,557148544,BSE
OROSMITHS,Orosil Smiths India Limited,Unknown,Unknown,186588016,BSE
TEJASSVI,Unknown,Unknown,Unknown,0,BSE
LINCOLN,Unknown,Drug Manufacturers—Specialty & Generic,Healthcare,13866561536,BSE
SILVOAK,Silver Oak (India) Limited,Unknown,Unknown,466194592,BSE
PRAVEG,Unknown,Unknown,Unknown,0,BSE
SURAJLTD,Suraj Limited,Steel,Basic Materials,8278536192,BSE
SICL,Unknown,Unknown,Unknown,0,BSE
MARICO,Marico Limited,Household & Personal Products,Consumer Defensive,896808910848,BSE
TOKYOFIN,Tokyo Finance Limited,Unknown,Unknown,160172896,BSE
NATGENI,National General Industries Limited,Unknown,Unknown,0,BSE
THIRDFIN,Thirdwave Financial Intermediaries Limited,Unknown,Unknown,346041312,BSE
HITTCO,Hittco Tools Limited,Unknown,Unknown,81310016,BSE
RRMETAL,Unknown,Unknown,Unknown,0,BSE
VISIONCO,Vision Corporation Limited,Unknown,Unknown,79680696,BSE
BISIL,Bisil Plast Limited,Unknown,Unknown,0,BSE
INANISEC,Inani Securities Limited,Unknown,Unknown,131899840,BSE
ANKIN,Anka India Limited,Unknown,Unknown,89024936,BSE
ARISINT,Unknown,Unknown,Unknown,0,BSE
AMERISE,Unknown,Unknown,Unknown,0,BSE
PRITHVIEXCH,Prithvi Exchange (India) Limited,Unknown,Unknown,3599734784,BSE
KHYATI,Khyati Multimedia Entertainment Limited,Unknown,Unknown,40176744,BSE
RAINBOWF,Rainbow Foundations Limited,Unknown,Unknown,134299120,BSE
VSDCONF,VSD Confin Limited,Unknown,Unknown,0,BSE
TRICOMFRU,Tricom Fruit Products Limited,Unknown,Unknown,29786638,BSE
VIDHIING,Vidhi Specialty Food Ingredients Limited,Specialty Chemicals,Basic Materials,25179770880,BSE
BHAGCHEM,Bhagiradha Chemicals & Industries Limited,Agricultural Inputs,Basic Materials,42525663232,BSE
GATECH,GACM Technologies Limited,Asset Management,Financial Services,715046912,BSE
PANCHSHEEL,Panchsheel Organics Limited,Unknown,Unknown,1196423680,BSE
MENNPIS,Menon Pistons Limited,Unknown,Unknown,4305419776,BSE
PRISMFN,Prism Finance Limited,Unknown,Unknown,0,BSE
GREENCREST,Greencrest Financial Services Limited,Unknown,Unknown,354542784,BSE
GENNEX,Gennex Laboratories Limited,Unknown,Unknown,2753970432,BSE
HIRAUTO,Unknown,Unknown,Unknown,0,BSE
GINISILK,Gini Silk Mills Limited,Unknown,Unknown,630286016,BSE
PRAENG,Prajay Engineers Syndicate Limited,Real Estate—Development,Real Estate,2625390080,BSE
BIOGEN,Unknown,Unknown,Unknown,0,BSE
APOLLOPIPE,Unknown,Building Products & Equipment,Industrials,24211486720,BSE
UNJHAFOR,Unjha Formulations Limited,Unknown,Unknown,124289072,BSE
POLYMED,Poly Medicure Limited,Medical Instruments & Supplies,Healthcare,238211104768,BSE
SHRADDHA,Unknown,Unknown,Unknown,0,BSE
KACHCHH,Kachchh Minerals Limited,Unknown,Unknown,153142992,BSE
PADALPO,Padmanabh Alloys and Polymers Limited,Unknown,Unknown,0,BSE
KACL,Kaiser Corporation Limited,Unknown,Unknown,0,BSE
KCLINFRA,KCL Infra Projects Limited,Unknown,Unknown,40286428,BSE
ATULAUTO,Atul Auto Limited,Auto Manufacturers,Consumer Cyclical,18598922240,BSE
SCANPRO,Unknown,Unknown,Unknown,0,BSE
PRERINFRA,Prerna Infrabuild Limited,Unknown,Unknown,422932576,BSE
METALCO,Metal Coatings (India) Limited,Unknown,Unknown,642267328,BSE
SGNTE,SGN Telecoms Limited,Unknown,Unknown,0,BSE
GANGAPA,Ganga Papers India Limited,Unknown,Unknown,1286036864,BSE
TIRSARJ,Tirupati Sarjan Limited,Unknown,Unknown,571195392,BSE
MUNOTHFI,Munoth Financial Services Limited,Unknown,Unknown,331483616,BSE
RODIUM,Rodium Realty Limited,Unknown,Unknown,308030816,BSE
NAGTECH,Nagarjuna Agri-Tech Limited,Unknown,Unknown,325014080,BSE
NATHUEC,Natura Hue Chem Limited,Unknown,Unknown,29307272,BSE
IECEDU,Unknown,Unknown,Unknown,0,BSE
INDUSFINL,Indus Finance Limited,Unknown,Unknown,0,BSE
LAHOTIOV,Lahoti Overseas Limited,Unknown,Unknown,1309216896,BSE
ZENITHSTL,Zenith Steel Pipes & Industries Limited,Steel,Basic Materials,1481134720,BSE
TRINITYLEA,Trinity League India Limited,Unknown,Unknown,78536952,BSE
ASTAR,Asian Star Company Limited,Unknown,Unknown,13724230656,BSE
ORIRAIL,Unknown,Unknown,Unknown,0,BSE
JOINDRE,Joindre Capital Services Limited,Unknown,Unknown,865334720,BSE
BHARATAGRI,Bharat Agri Fert and Realty Limited,Unknown,Unknown,463539200,BSE
UNITINT,Unitech International Limited,Unknown,Unknown,53533712,BSE
SACHEMT,Sacheta Metals Limited,Unknown,Unknown,453802368,BSE
POPULARES,Popular Estate Management Limited,Unknown,Unknown,0,BSE
ANJANIFIN,Anjani Finance Limited,Unknown,Unknown,131051440,BSE
SVAINDIA,Unknown,Unknown,Unknown,0,BSE
REXNORD,Rexnord Electronics and Controls Limited,Unknown,Unknown,1359288064,BSE
IIL,Unknown,Unknown,Unknown,0,BSE
KHANDSE,Khandwala Securities Limited,Capital Markets,Financial Services,472867808,BSE
SAWABUSI,Sawaca Business Machines Limited,Unknown,Unknown,6344549,BSE
CCLINTER,CCL International Limited,Unknown,Unknown,690933632,BSE
GALLOPENT,Gallops Enterprise Limited,Unknown,Unknown,0,BSE
CROISSANCE,Unknown,Unknown,Unknown,0,BSE
MADHUVEER,Madhuveer Com 18 Network Limited,Unknown,Unknown,0,BSE
GALAGEX,Galaxy Agrico Exports Limited,Unknown,Unknown,0,BSE
GOPAIST,Gopal Iron & Steel Co. (Gujarat) Limited,Unknown,Unknown,38107524,BSE
HINDAPL,Unknown,Unknown,Unknown,0,BSE
AGARIND,Agarwal Industrial Corporation Limited,Specialty Chemicals,Basic Materials,17067598848,BSE
DHAMPURE,Dhampure Speciality Sugars Limited,Unknown,Unknown,714204608,BSE
SHAQUAK,52 Weeks Entertainment Limited,Unknown,Unknown,51273600,BSE
INNOCORP,Innocorp Limited,Unknown,Unknown,60513468,BSE
SARTHAKIND,Sarthak Industries Limited,Unknown,Unknown,181956672,BSE
SAICAPI,Sai Capital Ltd.,Unknown,Unknown,0,BSE
BLUECHIP,Blue Chip India Limited,Capital Markets,Financial Services,338462304,BSE
LEXORAA,Unknown,Unknown,Unknown,0,BSE
CHADPAP,Unknown,Unknown,Unknown,0,BSE
VERTEX,Vertex Securities Limited,Unknown,Unknown,424089920,BSE
RIBATEX,Riba Textiles Limited,Unknown,Unknown,784778368,BSE
NEWINFRA,Unknown,Unknown,Unknown,0,BSE
SHREMETAL,Shree Metalloys Limited,Unknown,Unknown,212566784,BSE
IITLPROJ,IITL Projects Limited,Unknown,Unknown,207521632,BSE
HARIGOV,Unknown,Unknown,Unknown,0,BSE
CHLOGIST,Chartered Logistics Limited,Unknown,Unknown,1050023744,BSE
AMBIKCO,Ambika Cotton Mills Limited,Textile Manufacturing,Consumer Cyclical,9761697792,BSE
HINDALUMI,Hind Aluminium Industries Limited,Unknown,Unknown,451724320,BSE
SPECFOOD,Spectrum Foods Ltd.,Unknown,Unknown,114615936,BSE
AMRAAGRI,Amraworld Agrico Limited,Unknown,Unknown,129924008,BSE
ODYCORP,Odyssey Corporation Limited,Unknown,Unknown,920248512,BSE
VUENOW,Unknown,Unknown,Unknown,0,BSE
INDCTST,Inducto Steels Limited,Unknown,Unknown,292094240,BSE
SAMINDUS,Sam Industries Limited,Unknown,Unknown,842726016,BSE
SHVFL,Shreevatsaa Finance and Leasing Limited,Unknown,Unknown,241087008,BSE
POOJAENT,Pooja Entertainment and Films Limited,Unknown,Unknown,894839488,BSE
GRAVITY,Gravity (India) Limited,Unknown,Unknown,38348308,BSE
ESPIRE,Unknown,Unknown,Unknown,0,BSE
LCCINFOTEC,LCC Infotech Limited,Education & Training Services,Consumer Defensive,1035530752,BSE
FILATFASH,Filatex Fashions Limited,Apparel Manufacturing,Consumer Cyclical,8000706560,BSE
RBGUPTA,Unknown,Unknown,Unknown,0,BSE
SINDHUTRAD,Sindhu Trade Links Limited,Conglomerates,Industrials,36343287808,BSE
UNISTRMU,Unistar Multimedia Limited,Unknown,Unknown,80705648,BSE
ZENOTECH,Zenotech Laboratories Limited,Unknown,Unknown,5446981120,BSE
HINDBIO,Hindustan Bio Sciences Limited,Unknown,Unknown,0,BSE
FRONTCORP,Frontline Corporation Limited,Unknown,Unknown,260137504,BSE
SWELECTES,Swelect Energy Systems Limited,Solar,Technology,18997008384,BSE
WALLFORT,Wallfort Financial Services Limited,Unknown,Unknown,1453564416,BSE
KDDL,KDDL Limited,Luxury Goods,Consumer Cyclical,36922499072,BSE
ADIEXRE,Adinath Exim Resources Limited,Unknown,Unknown,109661944,BSE
ABHICAP,Abhinav Capital Services Limited,Unknown,Unknown,1192762368,BSE
3BBLACKBIO,Unknown,Unknown,Unknown,0,BSE
SUMUKA,Unknown,Unknown,Unknown,0,BSE
MONIND,Unknown,Unknown,Unknown,0,BSE
SHKALYN,Unknown,Unknown,Unknown,0,BSE
VANDANA,Vandana Knitwear Limited,Unknown,Unknown,766365568,BSE
EPUJA,Unknown,Unknown,Unknown,0,BSE
INDOCITY,Indo-City Infotech Limited,Unknown,Unknown,176592000,BSE
SBECSUG,SBEC Sugar Limited,Unknown,Unknown,3049849600,BSE
BRIJLEAS,Brijlaxmi Leasing & Finance Limited,Unknown,Unknown,63037260,BSE
BSELALGO,Unknown,Unknown,Unknown,0,BSE
RELIABVEN,Reliable Ventures India Limited,Unknown,Unknown,257481600,BSE
BANKBARODA,Bank of Baroda Limited,Banks—Regional,Financial Services,1287410024448,BSE
SMCREDT,Unknown,Unknown,Unknown,0,BSE
MOHITE,Mohite Industries Limited,Unknown,Unknown,1361754624,BSE
ACL,Andhra Cements Limited,Building Materials,Basic Materials,8724088832,BSE
SKMEGGPROD,SKM Egg Products Export (India) Limited,Packaged Foods,Consumer Defensive,6624628224,BSE
WELCORP,Welspun Corp Limited,Steel,Basic Materials,193759903744,BSE
HOTLSILV,H S India Limited,Unknown,Unknown,291316896,BSE
BANKINDIA,Bank of India Limited,Banks—Regional,Financial Services,504663474176,BSE
INDRAMEDCO,Indraprastha Medical Corporation Limited,Medical Care Facilities,Healthcare,39946510336,BSE
JOHNPHARMA,Unknown,Unknown,Unknown,0,BSE
GAIL,GAIL (India) Limited,Utilities—Regulated Gas,Utilities,1576046690304,BSE
VAIBHAVGBL,Vaibhav Global Limited,Luxury Goods,Consumer Cyclical,50630242304,BSE
TRESCON,Unknown,Unknown,Unknown,0,BSE
GUJSTATFIN,Gujarat State Financial Corporation,Unknown,Unknown,2059424640,BSE
JKPAPER,JK Paper Limited,Paper & Paper Products,Basic Materials,76832276480,BSE
SAREGAMA,Saregama India Limited,Entertainment,Communication Services,129536761856,BSE
MINOLTAF,Minolta Finance Limited,Unknown,Unknown,86000000,BSE
ADROITINFO,Adroit Infotech Limited,Information Technology Services,Technology,606144960,BSE
CYBERTECH,CyberTech Systems and Software Limited,Information Technology Services,Technology,7236717568,BSE
ICICIBANK,ICICI Bank Limited,Banks—Regional,Financial Services,8982244622336,BSE
CYIENT,Cyient Limited,Conglomerates,Industrials,210982027264,BSE
ENGINERSIN,Engineers India Limited,Engineering & Construction,Industrials,117691588608,BSE
DHANBANK,Dhanlaxmi Bank Limited,Banks—Regional,Financial Services,9498071040,BSE
GMDCLTD,Gujarat Mineral Development Corporation Limited,Thermal Coal,Energy,113382899712,BSE
GAYATRI,Gayatri Sugars Limited,Unknown,Unknown,850909056,BSE
INDUSINDBK,IndusInd Bank Limited,Banks—Regional,Financial Services,1098146447360,BSE
ITDC,India Tourism Development Corporation Limited,Lodging,Consumer Cyclical,56637820928,BSE
J&KBANK,The Jammu and Kashmir Bank Limited,Banks—Regional,Financial Services,116064378880,BSE
CUB,City Union Bank Limited,Banks—Regional,Financial Services,121507241984,BSE
ARCHIES,Archies Limited,Specialty Retail,Consumer Cyclical,1159329536,BSE
AXISBANK,Axis Bank Limited,Banks—Regional,Financial Services,3792015196160,BSE
HBSL,Unknown,Capital Markets,Financial Services,992848576,BSE
SIELFNS,Siel Financial Services Limited,Unknown,Unknown,852259648,BSE
SOUTHBANK,The South Indian Bank Limited,Banks—Regional,Financial Services,64203513856,BSE
ENERGYDEV,Energy Development Company Limited,Utilities—Regulated Electric,Utilities,1161849984,BSE
SONATSOFTW,Sonata Software Limited,Information Technology Services,Technology,176186458112,BSE
BENGALT,Bengal Tea & Fabrics Limited,Unknown,Unknown,1534168704,BSE
NATIONALUM,National Aluminium Company Limited,Aluminum,Basic Materials,411680604160,BSE
INDNIPPON,India Nippon Electricals Limited,Auto Parts,Consumer Cyclical,17277093888,BSE
NSIL,Nalwa Sons Investments Limited,Asset Management,Financial Services,25919631360,BSE
APARINDS,APAR Industries Limited,Electrical Equipment & Parts,Industrials,388495769600,BSE
TCIIND,TCI Industries Limited,Unknown,Unknown,1099465728,BSE
ACCELYA,Accelya Solutions India Limited,Information Technology Services,Technology,28183838720,BSE
ORCHASP,Unknown,Unknown,Unknown,0,BSE
HCLTECH,HCL Technologies Limited,Information Technology Services,Technology,4915683393536,BSE
TCFCFINQ,TCFC Finance Limited,Unknown,Unknown,752614784,BSE
GEOJITFSL,Geojit Financial Services Limited,Capital Markets,Financial Services,39877263360,BSE
JINDALSTEL,Jindal Steel & Power Limited,Steel,Basic Materials,1047849926656,BSE
BLBLIMITED,BLB Limited,Capital Markets,Financial Services,1057305984,BSE
GLENMARK,Glenmark Pharmaceuticals Limited,Drug Manufacturers—Specialty & Generic,Healthcare,470322741248,BSE
WOCKPHARMA,Wockhardt Limited,Drug Manufacturers—Specialty & Generic,Healthcare,147626442752,BSE
INTEGHIT,Unknown,Unknown,Unknown,0,BSE
KJMCCORP,KJMC Corporate Advisors (India) Limited,Unknown,Unknown,319730016,BSE
INDSWFTLAB,Ind-Swift Laboratories Limited,Drug Manufacturers—Specialty & Generic,Healthcare,7563123200,BSE
GEPIL,GE Power India Limited,Engineering & Construction,Industrials,27153188864,BSE
SHREERAMA,Shree Rama Multi-Tech Limited,Packaging & Containers,Consumer Cyclical,3622321408,BSE
MAHLIFE,Mahindra Lifespace Developers Limited,Real Estate—Development,Real Estate,83069992960,BSE
TELESYS,Unknown,Unknown,Unknown,0,BSE
VAARAD,Vaarad Ventures Limited,Unknown,Unknown,3638587904,BSE
ZYDUSLIFE,Zydus Lifesciences Limited,Drug Manufacturers—Specialty & Generic,Healthcare,1087332155392,BSE
SHIVACEM,Shiva Cement Limited,Unknown,Unknown,9291750400,BSE
CINEVISTA,Cinevista Limited,Entertainment,Communication Services,1262454272,BSE
INTENTECH,Intense Technologies Limited,Software—Infrastructure,Technology,3185699584,BSE
DANLAW,Danlaw Technologies India Limited,Unknown,Unknown,6994550784,BSE
AJANTPHARM,Ajanta Pharma Limited,Drug Manufacturers—Specialty & Generic,Healthcare,406850895872,BSE
HBPOR,HB Portfolio Limited,Unknown,Unknown,1454243456,BSE
HBESD,HB Estate Developers Limited,Unknown,Unknown,2083182336,BSE
AMBICAAGAR,Ambica Agarbathies Aroma & Industries Limited,Household & Personal Products,Consumer Defensive,502610720,BSE
COMPUSOFT,Compucom Software Limited,Education & Training Services,Consumer Defensive,2569986560,BSE
OMNIAX,Omni Ax's Software Limited,Unknown,Unknown,64570500,BSE
IZMO,IZMO Limited,Software—Application,Technology,6033414656,BSE
TVSMOTOR,TVS Motor Company Limited,Auto Manufacturers,Consumer Cyclical,1347679289344,BSE
SOFTSOL,SoftSol India Limited,Unknown,Unknown,7846013952,BSE
ACLGATI,Allcargo Gati Limited,Integrated Freight & Logistics,Industrials,16613033984,BSE
SUBEXLTD,Subex Limited,Software—Application,Technology,15490616320,BSE
TCI,Transport Corporation of India Limited,Integrated Freight & Logistics,Industrials,82968674304,BSE
PADMALAYAT,Padmalaya Telefilms Limited,Unknown,Unknown,80750000,BSE
AKSHOPTFBR,Aksh Optifibre Limited,Communication Equipment,Technology,1439877376,BSE
VIRGOGLOB,Virgo Global Limited,Unknown,Unknown,0,BSE
PICTUREHS,Picturehouse Media Limited,Unknown,Unknown,485402496,BSE
TRIVENI,Triveni Engineering & Industries Limited,Confectioners,Consumer Defensive,104753635328,BSE
MUKTAARTS,Mukta Arts Limited,Entertainment,Communication Services,2255132160,BSE
NAGPI,Nagpur Power and Industries Limited,Unknown,Unknown,1731879936,BSE
DSSL,Dynacons Systems & Solutions Limited,Information Technology Services,Technology,17587937280,BSE
PNBGILTS,PNB Gilts Ltd.,Capital Markets,Financial Services,22438246400,BSE
RAMCOIND,Ramco Industries Limited,Building Products & Equipment,Industrials,21363720192,BSE
RAMCOSYS,Ramco Systems Limited,Software—Application,Technology,14515465216,BSE
TTML,Tata Teleservices (Maharashtra) Limited,Telecom Services,Communication Services,166286344192,BSE
VIRINCHI,Virinchi Limited,Software—Application,Technology,3367444992,BSE
WEPSOLN,WeP Solutions Limited,Unknown,Unknown,1071340608,BSE
STLTECH,Sterlite Technologies Limited,Communication Equipment,Technology,59578540032,BSE
TIPSMUSIC,Unknown,Unknown,Unknown,0,BSE
MRO-TEK,MRO-TEK Realty Limited,Communication Equipment,Technology,1971225344,BSE
UNIVARTS,Universal Arts Limited,Unknown,Unknown,50248296,BSE
FIRSTFIN,Unknown,Unknown,Unknown,0,BSE
BABA,Baba Arts Limited,Unknown,Unknown,712950016,BSE
BALAJITELE,Balaji Telefilms Limited,Entertainment,Communication Services,6642027008,BSE
TYCHE,Tyche Industries Limited,Unknown,Unknown,1938787456,BSE
CALSOFT,California Software Company Limited,Software—Application,Technology,372979808,BSE
PNC,Pritish Nandy Communications Ltd,Entertainment,Communication Services,994895552,BSE
IOB,Indian Overseas Bank,Banks—Regional,Financial Services,1089156349952,BSE
TAJGVK,TAJGVK Hotels & Resorts Limited,Lodging,Consumer Cyclical,19296387072,BSE
CREATIVEYE,Creative Eye Limited,Entertainment,Communication Services,120549784,BSE
AXISCADES,AXISCADES Technologies Limited,Engineering & Construction,Industrials,24543029248,BSE
KONNDOR,Unknown,Unknown,Unknown,0,BSE
UMESLTD,Usha Martin Education & Solutions Limited,Education & Training Services,Consumer Defensive,174608448,BSE
BSOFT,Birlasoft Limited,Information Technology Services,Technology,164306223104,BSE
USGTECH,USG Tech Solutions Limited,Unknown,Unknown,660582016,BSE
7TEC,Saven Technologies Limited,Unknown,Unknown,598219712,BSE
AVANTEL,Avantel Limited,Communication Equipment,Technology,44445245440,BSE
MOSCHIP,MosChip Technologies Limited,Unknown,Unknown,37380673536,BSE
MEGASOFT,Megasoft Limited,Drug Manufacturers—Specialty & Generic,Healthcare,5073162752,BSE
TRANSCOR,Transcorp International Limited,Unknown,Unknown,1203928704,BSE
CEREBRAINT,Cerebra Integrated Technologies Limited,Computer Hardware,Technology,1442113408,BSE
NEXTMEDIA,Next Mediaworks Limited,Broadcasting,Communication Services,515744256,BSE
SMARTLINK,Smartlink Holdings Limited,Communication Equipment,Technology,2827912448,BSE
GODREJCP,Godrej Consumer Products Limited,Household & Personal Products,Consumer Defensive,1420068651008,BSE
GENUSPRIME,Unknown,Unknown,Unknown,0,BSE
BFUTILITIE,BF Utilities Limited,Utilities—Renewable,Utilities,34258681856,BSE
UNITDSPR,United Spirits Limited,Beverages—Wineries & Distilleries,Consumer Defensive,1143792074752,BSE
SANINFRA,Sanmit Infra Limited,Unknown,Unknown,141500000,BSE
OLECTRA,Olectra Greentech Limited,Farm & Heavy Construction Machinery,Industrials,143628910592,BSE
MPSLTD,MPS Limited,Publishing,Communication Services,35601444864,BSE
CERA,Cera Sanitaryware Limited,Building Products & Equipment,Industrials,104287895552,BSE
TSPIRITUAL,T. Spiritual World Limited,Unknown,Unknown,38003800,BSE
BHARTIARTL,Bharti Airtel Limited,Telecom Services,Communication Services,10174913839104,BSE
SHALIWIR,Shalimar Wires Industries Limited,Unknown,Unknown,1192867328,BSE
COMPINFO,Unknown,Electronics & Computer Distribution,Technology,222139360,BSE
GULPOLY,Gulshan Polyols Limited,Chemicals,Basic Materials,14561980416,BSE
PONNIERODE,Ponni Sugars (Erode) Limited,Confectioners,Consumer Defensive,4346931200,BSE
PNB,Punjab National Bank,Banks—Regional,Financial Services,1208478466048,BSE
OFSS,Oracle Financial Services Software Limited,Software—Infrastructure,Technology,991999229952,BSE
HAZOOR,Hazoor Multi Projects Limited,Unknown,Unknown,0,BSE
KAMAHOLD,KAMA Holdings Limited,Unknown,Unknown,17402716160,BSE
APTECHT,Aptech Limited,Education & Training Services,Consumer Defensive,12648687616,BSE
UNIONBANK,Union Bank of India,Banks—Regional,Financial Services,930155397120,BSE
UBL,United Breweries Limited,Beverages—Brewers,Consumer Defensive,571233730560,BSE
NOIDATOLL,Noida Toll Bridge Company Limited,Infrastructure Operations,Industrials,3005187328,BSE
GRANULES,Granules India Limited,Drug Manufacturers—Specialty & Generic,Healthcare,140440715264,BSE
CANBK,Canara Bank,Banks—Regional,Financial Services,1001853288448,BSE
BLIL,Balmer Lawrie Investments Limited,Unknown,Unknown,1908967808,BSE
POKARNA,Pokarna Limited,Building Products & Equipment,Industrials,32740225024,BSE
DIVISLAB,Divi's Laboratories Limited,Drug Manufacturers—Specialty & Generic,Healthcare,1439850692608,BSE
ASTRAMICRO,Astra Microwave Products Limited,Communication Equipment,Technology,78552743936,BSE
RADICO,Radico Khaitan Limited,Beverages—Wineries & Distilleries,Consumer Defensive,278093266944,BSE
MARUTI,Maruti Suzuki India Limited,Auto Manufacturers,Consumer Cyclical,4139744493568,BSE
RAJPALAYAM,Rajapalayam Mills Limited,Unknown,Unknown,7106192896,BSE
NAVINFLUOR,Navin Fluorine International Limited,Chemicals,Basic Materials,178720555008,BSE
UCOBANK,UCO Bank,Banks—Regional,Financial Services,574605361152,BSE
BAGFILMS,B.A.G. Films and Media Limited,Broadcasting,Communication Services,2382932736,BSE
JSL,Jindal Stainless Limited,Steel,Basic Materials,632315772928,BSE
SUPRAJIT,Suprajit Engineering Limited,Auto Parts,Consumer Cyclical,70885228544,BSE
TVSELECT,TVS Electronics Limited,Computer Hardware,Technology,7580414464,BSE
IGL,Indraprastha Gas Limited,Utilities—Regulated Gas,Utilities,390775570432,BSE
TVTODAY,T.V. Today Network Limited,Broadcasting,Communication Services,14257811456,BSE
PALREDTEC,Unknown,Consumer Electronics,Technology,1566996096,BSE
PETRONET,Petronet LNG Limited,Oil & Gas Refining & Marketing,Energy,516374986752,BSE
BIOCON,Biocon Limited,Biotechnology,Healthcare,443461402624,BSE
PTC,PTC India Limited,Utilities—Independent Power Producers,Utilities,62161678336,BSE
MAHABANK,Bank of Maharashtra,Banks—Regional,Financial Services,423890812928,BSE
RKFORGE,Ramkrishna Forgings Limited,Tools & Accessories,Industrials,182917971968,BSE
DATAMATICS,Datamatics Global Services Limited,Information Technology Services,Technology,35957039104,BSE
NDTV,New Delhi Television Limited,Broadcasting,Communication Services,11930414080,BSE
STAR,Strides Pharma Science Limited,Drug Manufacturers—Specialty & Generic,Healthcare,128833486848,BSE
JPASSOCIAT,Jaiprakash Associates Limited,Conglomerates,Industrials,16666733568,BSE
ULTRACEMCO,UltraTech Cement Limited,Building Materials,Basic Materials,3411066486784,BSE
UNOMINDA,Uno Minda Limited,Auto Parts,Consumer Cyclical,621877002240,BSE
TCS,Tata Consultancy Services Limited,Information Technology Services,Technology,15514005929984,BSE
COFORGE,Coforge Limited,Information Technology Services,Technology,475264188416,BSE
GULFPETRO,GP Petroleums Limited,Oil & Gas Refining & Marketing,Energy,4175112448,BSE
CENTURYPLY,Century Plyboards (India) Limited,Lumber & Wood Production,Basic Materials,199666876416,BSE
WELENT,Welspun Enterprises Limited,Engineering & Construction,Industrials,77608181760,BSE
NTPC,NTPC Limited,Utilities—Regulated Electric,Utilities,4266534633472,BSE
SALSTEEL,S.A.L. Steel Limited,Steel,Basic Materials,2467433216,BSE
JBMA,JBM Auto Limited,Auto Parts,Consumer Cyclical,217048285184,BSE
DWARKESH,Dwarikesh Sugar Industries Limited,Confectioners,Consumer Defensive,14555393024,BSE
INDOCO,Indoco Remedies Limited,Drug Manufacturers—Specialty & Generic,Healthcare,32119021568,BSE
VIPCLOTHNG,VIP Clothing Limited,Apparel Manufacturing,Consumer Cyclical,3754010880,BSE
IMPEXFERRO,Impex Ferro Tech Limited,Other Industrial Metals & Mining,Basic Materials,314795136,BSE
XCHANGING,Xchanging Solutions Limited,Information Technology Services,Technology,13257075712,BSE
JETAIRWAYS,Jet Airways (India) Limited,Airlines,Industrials,4507529216,BSE
MORARJEE,Morarjee Textiles Limited,Textile Manufacturing,Consumer Cyclical,430728352,BSE
JINDALPHOT,Jindal Photo Limited,Asset Management,Financial Services,8206640128,BSE
POCL,Pondy Oxides And Chemicals Limited,Specialty Chemicals,Basic Materials,26577268736,BSE
JPPOWER,Jaiprakash Power Ventures Limited,Utilities—Independent Power Producers,Utilities,131380830208,BSE
3IINFOLTD,Unknown,Information Technology Services,Technology,5597008896,BSE
MBECL,McNally Bharat Engineering Company Limited,Engineering & Construction,Industrials,1182681984,BSE
GOKEX,Gokaldas Exports Limited,Apparel Manufacturing,Consumer Cyclical,68044775424,BSE
ALLDIGI,Unknown,Unknown,Unknown,0,BSE
IIFL,IIFL Finance Limited,Credit Services,Financial Services,198545244160,BSE
MANGALAM,Mangalam Drugs & Organics Limited,Drug Manufacturers—Specialty & Generic,Healthcare,2001475840,BSE
SHOPERSTOP,Shoppers Stop Limited,Department Stores,Consumer Cyclical,91100274688,BSE
CYBERMEDIA,Cyber Media (India) Limited,Publishing,Communication Services,423641088,BSE
NDL,Nandan Denim Limited,Textile Manufacturing,Consumer Cyclical,9542531072,BSE
JSWHL,JSW Holdings Limited,Conglomerates,Industrials,100737253376,BSE
JKCEMENT,J.K. Cement Limited,Building Materials,Basic Materials,357098979328,BSE
BEEYU,Beeyu Overseas Limited,Unknown,Unknown,59252884,BSE
YESBANK,Yes Bank Limited,Banks—Regional,Financial Services,702797512704,BSE
NECLIFE,Nectar Lifesciences Limited,Drug Manufacturers—Specialty & Generic,Healthcare,9385322496,BSE
MSPL,MSP Steel & Power Limited,Steel,Basic Materials,27733305344,BSE
SPLIL,SPL Industries Limited,Apparel Manufacturing,Consumer Cyclical,1763779968,BSE
KTKBANK,The Karnataka Bank Limited,Banks—Regional,Financial Services,90428768256,BSE
MCLEODRUSS,McLeod Russel India Limited,Packaged Foods,Consumer Defensive,3613133056,BSE
FACORALL,Facor Alloys Limited,Unknown,Unknown,1253456256,BSE
IDFC,IDFC Limited,Asset Management,Financial Services,178957762560,BSE
RML,Rane (Madras) Limited,Auto Parts,Consumer Cyclical,18748198912,BSE
HTMEDIA,HT Media Limited,Publishing,Communication Services,6115440128,BSE
SASKEN,Sasken Technologies Limited,Information Technology Services,Technology,22065016832,BSE
FCSSOFT,FCS Software Solutions Limited,Information Technology Services,Technology,6393716736,BSE
SUZLON,Suzlon Energy Limited,Specialty Industrial Machinery,Industrials,1088641433600,BSE
AURIONPRO,Aurionpro Solutions Limited,Software—Infrastructure,Technology,87094525952,BSE
RENUKA,Shree Renuka Sugars Limited,Confectioners,Consumer Defensive,114789466112,BSE
KMSUGAR,K.M. Sugar Mills Limited,Confectioners,Consumer Defensive,3836408320,BSE
BASML,Bannari Amman Spinning Mills Ltd,Textile Manufacturing,Consumer Cyclical,4018900992,BSE
PBAINFRA,PBA Infrastructure Limited,Unknown,Unknown,0,BSE
AIAENG,AIA Engineering Limited,Specialty Industrial Machinery,Industrials,406097756160,BSE
EKC,Everest Kanto Cylinder Limited,Specialty Industrial Machinery,Industrials,22929704960,BSE
KERNEX,Kernex Microsystems (India) Limited,Software—Application,Technology,12810047488,BSE
REPRO,Repro India Limited,Specialty Business Services,Industrials,8518331392,BSE
PVRINOX,PVR INOX Limited,Entertainment,Communication Services,161626161152,BSE
ASMS,Bartronics India Limited,Information Technology Services,Technology,6374796288,BSE
CELEBRITY,Celebrity Fashions Limited,Apparel Manufacturing,Consumer Cyclical,946682112,BSE
NITINSPIN,Nitin Spinners Limited,Textile Manufacturing,Consumer Cyclical,21363599360,BSE
ROHLTD,Royal Orchid Hotels Limited,Lodging,Consumer Cyclical,10012940288,BSE
ENIL,Entertainment Network (India) Limited,Broadcasting,Communication Services,10582829056,BSE
CELLA,Unknown,Unknown,Unknown,0,BSE
GSPL,Gujarat State Petronet Limited,Utilities—Regulated Gas,Utilities,243428851712,BSE
JAGRAN,Jagran Prakashan Limited,Publishing,Communication Services,20694542336,BSE
DYNPRO,Dynemic Products Limited,Specialty Chemicals,Basic Materials,4858872320,BSE
GVKPIL,GVK Power & Infrastructure Limited,Utilities—Independent Power Producers,Utilities,10312241152,BSE
SADBHAV,Sadbhav Engineering Limited,Engineering & Construction,Industrials,6018718720,BSE
RCOM,Reliance Communications Limited,Telecom Services,Communication Services,5625712640,BSE
SAKUMA,Sakuma Exports Limited,Farm Products,Consumer Defensive,8089434624,BSE
KEC,KEC International Limited,Engineering & Construction,Industrials,279536599040,BSE
GILLANDERS,Gillanders Arbuthnot and Company Limited,Farm Products,Consumer Defensive,1885378688,BSE
INDOTECH,Indo Tech Transformers Limited,Electrical Equipment & Parts,Industrials,19435130880,BSE
BLKASHYAP,B.L. Kashyap and Sons Limited,Engineering & Construction,Industrials,20776550400,BSE
M&MFIN,Mahindra & Mahindra Financial Services Limited,Credit Services,Financial Services,408222695424,BSE
NITCO,NITCO Limited,Building Products & Equipment,Industrials,5972920320,BSE
MPDL,Unknown,Unknown,Unknown,0,BSE
SOLARINDS,Solar Industries India Limited,Specialty Chemicals,Basic Materials,1044051329024,BSE
GALLANTT,Gallantt Ispat Limited,Steel,Basic Materials,87645323264,BSE
MALUPAPER,Malu Paper Mills Limited,Paper & Paper Products,Basic Materials,777558336,BSE
UTTAMSUGAR,Uttam Sugar Mills Limited,Confectioners,Consumer Defensive,14889113600,BSE
SGL,STL Global Limited,Textile Manufacturing,Consumer Cyclical,508698560,BSE
KKCL,Kewal Kiran Clothing Limited,Apparel Manufacturing,Consumer Cyclical,40595599360,BSE
SUNTV,Sun TV Network Limited,Broadcasting,Communication Services,334676688896,BSE
GPIL,Godawari Power & Ispat Limited,Steel,Basic Materials,138306863104,BSE
RSYSTEMS,R Systems International Limited,Information Technology Services,Technology,55720714240,BSE
EMKAY,Emkay Global Financial Services Limited,Capital Markets,Financial Services,5528230912,BSE
TCLCONS,Tantia Constructions Limited,Engineering & Construction,Industrials,6201549824,BSE
LOKESHMACH,Lokesh Machines Limited,Specialty Industrial Machinery,Industrials,6725436416,BSE
KAMDHENU,Kamdhenu Limited,Steel,Basic Materials,16777509888,BSE
PAUSHAKLTD,Paushak Limited,Unknown,Unknown,16977649664,BSE
GTNTEX,GTN Textiles Limited,Unknown,Unknown,154585840,BSE
INDICAP,Inditrade Capital Limited,Unknown,Unknown,344465600,BSE
PFOCUS,Prime Focus Limited,Entertainment,Communication Services,41432150016,BSE
ALLCARGO,Allcargo Logistics Limited,Integrated Freight & Logistics,Industrials,64765337600,BSE
GMRINFRA,GMR Airports Limited,Airports & Air Services,Industrials,991278858240,BSE
TECHM,Tech Mahindra Limited,Information Technology Services,Technology,1437348265984,BSE
CIEINDIA,CIE Automotive India Limited,Auto Parts,Consumer Cyclical,216008720384,BSE
VOLTAMP,Voltamp Transformers Limited,Electrical Equipment & Parts,Industrials,131123175424,BSE
ATLANTAA,Atlantaa Limited,Infrastructure Operations,Industrials,4734334976,BSE
HOVS,HOV Services Limited,Information Technology Services,Technology,1018809536,BSE
ACE,Action Construction Equipment Limited,Farm & Heavy Construction Machinery,Industrials,165509595136,BSE
GEECEE,GeeCee Ventures Limited,Real Estate—Development,Real Estate,8617711616,BSE
RICHAIND,Richa Industries Limited,Unknown,Unknown,44048400,BSE
GAYAPROJ,Gayatri Projects Limited,Engineering & Construction,Industrials,2044213120,BSE
FIEMIND,Fiem Industries Limited,Auto Parts,Consumer Cyclical,45555453952,BSE
JHS,JHS Svendgaard Laboratories Limited,Household & Personal Products,Consumer Defensive,2525317888,BSE
DCBBANK,DCB Bank Limited,Banks—Regional,Financial Services,38020603904,BSE
GLOBALVECT,Global Vectra Helicorp Limited,Airports & Air Services,Industrials,4652199936,BSE
INSPIRISYS,Inspirisys Solutions Limited,Information Technology Services,Technology,4627254272,BSE
GTLINFRA,GTL Infrastructure Limited,Communication Equipment,Technology,30608732160,BSE
SHIVAMAUTO,Shivam Autotech Limited,Auto Parts,Consumer Cyclical,5551323136,BSE
NAUKRI,Info Edge (India) Limited,Internet Content & Information,Communication Services,1060336369664,BSE
TORNTPOWER,Torrent Power Limited,Utilities—Independent Power Producers,Utilities,893274750976,BSE
PARSVNATH,Parsvnath Developers Limited,Real Estate—Development,Real Estate,8216216576,BSE
SUTLEJTEX,Sutlej Textiles and Industries Limited,Textile Manufacturing,Consumer Cyclical,11592540160,BSE
LTFOODS,LT Foods Limited,Packaged Foods,Consumer Defensive,138501865472,BSE
SOBHA,Sobha Limited,Real Estate—Development,Real Estate,189833854976,BSE
RUCHIRA,Ruchira Papers Limited,Paper & Paper Products,Basic Materials,3930586368,BSE
TANLA,Tanla Platforms Limited,Software—Application,Technology,121352527872,BSE
ZEEMEDIA,Zee Media Corporation Limited,Broadcasting,Communication Services,15660742656,BSE
SITINET,SITI Networks Limited,Entertainment,Communication Services,802289728,BSE
LUMAXTECH,Lumax Auto Technologies Limited,Auto Parts,Consumer Cyclical,39016873984,BSE
AUTOIND,Autoline Industries Limited,Auto Parts,Consumer Cyclical,5016512000,BSE
NETWORK18,Network18 Media & Investments Limited,Broadcasting,Communication Services,85923184640,BSE
HUBTOWN,Hubtown Limited,Real Estate—Development,Real Estate,41321177088,BSE
TV18BRDCST,TV18 Broadcast Limited,Broadcasting,Communication Services,76940484608,BSE
CTE,Cambridge Technology Enterprises Limited,Information Technology Services,Technology,2136838784,BSE
TIIL,Technocraft Industries (India) Limited,Tools & Accessories,Industrials,75203411968,BSE
REDINGTON,Redington Limited,Information Technology Services,Technology,145644503040,BSE
AICHAMP,AI Champdany Industries Limited,Unknown,Unknown,1335484800,BSE
CINELINE,Cineline India Limited,Entertainment,Communication Services,3969762304,BSE
PGIL,Pearl Global Industries Limited,Apparel Manufacturing,Consumer Cyclical,40725438464,BSE
FSL,Firstsource Solutions Limited,Information Technology Services,Technology,215293902848,BSE
PFC,Power Finance Corporation Limited,Credit Services,Financial Services,1630744477696,BSE
AHLUCONT,Ahluwalia Contracts (India) Limited,Engineering & Construction,Industrials,75695988736,BSE
TFL,Transwarranty Finance Limited,Mortgage Finance,Financial Services,1980052224,BSE
INDIANB,Indian Bank,Banks—Regional,Financial Services,709309104128,BSE
SMSPHARMA,SMS Pharmaceuticals Limited,Drug Manufacturers—General,Healthcare,31723337728,BSE
ORIENTALTL,Oriental Trimex Limited,Building Products & Equipment,Industrials,567518976,BSE
ELAND,E-Land Apparel Limited,Unknown,Unknown,647871744,BSE
IDEA,Vodafone Idea Limited,Telecom Services,Communication Services,709543985152,BSE
JAGJANANI,Jagjanani Textiles Limited,Unknown,Unknown,0,BSE
RAJTV,Raj Television Network Limited,Broadcasting,Communication Services,2531292416,BSE
PAGEIND,Page Industries Limited,Apparel Manufacturing,Consumer Cyclical,476032860160,BSE
AMDIND,AMD Industries Limited,Packaging & Containers,Consumer Cyclical,1378667904,BSE
LEHAR,Lehar Footwears Limited,Unknown,Unknown,2949833216,BSE
ASTRAL,Astral Limited,Building Products & Equipment,Industrials,530498027520,BSE
EMBDL,Equinox India Developments Limited,Real Estate—Development,Real Estate,80405880832,BSE
CAMLINFINE,Camlin Fine Sciences Limited,Specialty Chemicals,Basic Materials,17243611136,BSE
ICRA,ICRA Limited,Financial Data & Stock Exchanges,Financial Services,70217859072,BSE
DISHTV,Dish TV India Limited,Entertainment,Communication Services,27526836224,BSE
SAHYADRI,Sahyadri Industries Limited,Building Products & Equipment,Industrials,3853644800,BSE
SRHHYPOLTD,Sree Rayalaseema Hi-Strength Hypo Limited,Chemicals,Basic Materials,12181858304,BSE
FORTIS,Fortis Healthcare Limited,Medical Care Facilities,Healthcare,464676651008,BSE
TGBHOTELS,TGB Banquets and Hotels Limited,Lodging,Consumer Cyclical,441346048,BSE
HILTON,Hilton Metal Forging Limited,Metal Fabrication,Industrials,1816880384,BSE
DELTACORP,Delta Corp Limited,Resorts & Casinos,Consumer Cyclical,34421964800,BSE
MICEL,Unknown,Electronic Components,Technology,24207245312,BSE
INSECTICID,Insecticides (India) Limited,Agricultural Inputs,Basic Materials,26340562944,BSE
ASAHISONG,Asahi Songwon Colors Limited,Specialty Chemicals,Basic Materials,5229435392,BSE
HARYNACAP,Haryana Capfin Limited,Unknown,Unknown,1808714112,BSE
TIMETECHNO,Time Technoplast Limited,Packaging & Containers,Consumer Cyclical,88332107776,BSE
HGS,Hinduja Global Solutions Limited,Specialty Business Services,Industrials,37876830208,BSE
NELCAST,Nelcast Limited,Metal Fabrication,Industrials,11884364800,BSE
V2RETAIL,V2 Retail Limited,Apparel Retail,Consumer Cyclical,46641938432,BSE
DLF,DLF Limited,Real Estate—Development,Real Estate,2262062071808,BSE
TARMAT,Tarmat Limited,Engineering & Construction,Industrials,1960393216,BSE
ANKITMETAL,Ankit Metal & Power Limited,Steel,Basic Materials,482596224,BSE
SPARC,Sun Pharma Advanced Research Company Limited,Drug Manufacturers—Specialty & Generic,Healthcare,70080520192,BSE
HDIL,Housing Development and Infrastructure Limited,Real Estate—Diversified,Real Estate,2185159168,BSE
ADSL,Allied Digital Services Limited,Information Technology Services,Technology,15457360896,BSE
ALPA,Alpa Laboratories Limited,Drug Manufacturers—Specialty & Generic,Healthcare,2846793216,BSE
SSLEL,Sir Shadi Lal Enterprises Limited,Unknown,Unknown,1943025024,BSE
OMAXE,Omaxe Limited,Real Estate—Development,Real Estate,20786698240,BSE
REFEX,Refex Industries Limited,Thermal Coal,Energy,65588318208,BSE
CENTRALBK,Central Bank of India,Banks—Regional,Financial Services,508963487744,BSE
SELMC,Unknown,Textile Manufacturing,Consumer Cyclical,1870785152,BSE
NTL,Neueon Towers Limited,Steel,Basic Materials,197905968,BSE
ASIANTILES,Asian Granito India Limited,Building Products & Equipment,Industrials,10818953216,BSE
KPRMILL,K.P.R. Mill Limited,Textile Manufacturing,Consumer Cyclical,327543291904,BSE
TAKE,TAKE Solutions Limited,Biotechnology,Healthcare,3260817152,BSE
PURVA,Puravankara Limited,Real Estate—Development,Real Estate,93816545280,BSE
MOTILALOFS,Motilal Oswal Financial Services Limited,Capital Markets,Financial Services,445009854464,BSE
VTMLTD,VTM Limited,Unknown,Unknown,2926960384,BSE
INDOWIND,Indowind Energy Limited,Utilities—Renewable,Utilities,2986918400,BSE
NAGREEKCAP,Nagreeka Capital & Infrastructure Ltd.,Capital Markets,Financial Services,353859168,BSE
MAGNUM,Magnum Ventures Limited,Paper & Paper Products,Basic Materials,3023235072,BSE
POWERGRID,Power Grid Corporation of India Limited,Utilities—Regulated Electric,Utilities,3263115558912,BSE
KSCL,Kaveri Seed Company Limited,Agricultural Inputs,Basic Materials,50370142208,BSE
PAISALO,Paisalo Digital Limited,Credit Services,Financial Services,54610059264,BSE
CCCL,Consolidated Construction Consortium Limited,Engineering & Construction,Industrials,10759796736,BSE
SUPREMEINF,Supreme Infrastructure India Limited,Engineering & Construction,Industrials,2639225600,BSE
MAANALU,Maan Aluminium Limited,Aluminum,Basic Materials,9721760768,BSE
IL&FSENGG,IL&FS Engineering and Construction Company Limited,Engineering & Construction,Industrials,5968628224,BSE
RELIGARE,Religare Enterprises Limited,Insurance—Life,Financial Services,96743407616,BSE
BVCL,Barak Valley Cements Limited,Building Materials,Basic Materials,1302121600,BSE
RATHIBAR,Rathi Bars Limited,Unknown,Unknown,813743872,BSE
ADANIPORTS,Adani Ports and Special Economic Zone Limited,Marine Shipping,Industrials,3168493633536,BSE
EDELWEISS,Edelweiss Financial Services Limited,Capital Markets,Financial Services,126488928256,BSE
RGL,Renaissance Global Limited,Luxury Goods,Consumer Cyclical,13016190976,BSE
KOLTEPATIL,Kolte-Patil Developers Limited,Real Estate—Development,Real Estate,30224044032,BSE
KAUSHALYA,Kaushalya Infrastructure Development Corporation Limited,Engineering & Construction,Industrials,345474848,BSE
JYOTHYLAB,Jyothy Labs Limited,Household & Personal Products,Consumer Defensive,201377415168,BSE
ECLERX,eClerx Services Limited,Information Technology Services,Technology,144633905152,BSE
TARIL,Transformers and Rectifiers (India) Limited,Electrical Equipment & Parts,Industrials,97816600576,BSE
BRIGADE,Brigade Enterprises Limited,Real Estate—Development,Real Estate,349667721216,BSE
BGRENERGY,BGR Energy Systems Limited,Engineering & Construction,Industrials,3535918336,BSE
BURNPUR,Burnpur Cement Limited,Building Materials,Basic Materials,598564544,BSE
MANAKSIA,Manaksia Limited,Metal Fabrication,Industrials,6920390144,BSE
PORWAL,Porwal Auto Components Limited,Unknown,Unknown,934539008,BSE
PPAP,PPAP Automotive Limited,Auto Parts,Consumer Cyclical,3061700864,BSE
ARIES,Aries Agro Limited,Agricultural Inputs,Basic Materials,3482551296,BSE
KUANTUM,Kuantum Papers Limited,Paper & Paper Products,Basic Materials,12107824128,BSE
RPOWER,Reliance Power Limited,Utilities—Independent Power Producers,Utilities,205267156992,BSE
JKIL,J. Kumar Infraprojects Limited,Engineering & Construction,Industrials,58985041920,BSE
CORDSCABLE,Cords Cable Industries Limited,Electrical Equipment & Parts,Industrials,2825370624,BSE
KNRCON,KNR Constructions Limited,Engineering & Construction,Industrials,95127740416,BSE
ONMOBILE,OnMobile Global Limited,Telecom Services,Communication Services,8830939136,BSE
SEPC,SEPC Limited,Engineering & Construction,Industrials,46393794560,BSE
BANG,Bang Overseas Limited,Apparel Manufacturing,Consumer Cyclical,735494400,BSE
IRB,IRB Infrastructure Developers Limited,Infrastructure Operations,Industrials,370553061376,BSE
GSS,GSS Infotech Limited,Information Technology Services,Technology,1938606848,BSE
NAHARCAP,Nahar Capital and Financial Services Limited,Capital Markets,Financial Services,5281751552,BSE
VGUARD,V-Guard Industries Limited,Electrical Equipment & Parts,Industrials,191847006208,BSE
RECLTD,REC Limited,Credit Services,Financial Services,1466308493312,BSE
GOKAKTEX,Gokak Textiles Limited,Unknown,Unknown,1431473024,BSE
DHANI,Dhani Services Limited,Credit Services,Financial Services,30898866176,BSE
TITAGARH,Titagarh Rail Systems Limited,Railroads,Industrials,160093716480,BSE
KIRIINDUS,Kiri Industries Limited,Specialty Chemicals,Basic Materials,18717329408,BSE
BIRLAMONEY,Aditya Birla Money Limited,Capital Markets,Financial Services,8552667648,BSE
TELOGICA,Unknown,Unknown,Unknown,0,BSE
JAIBALAJI,Jai Balaji Industries Limited,Steel,Basic Materials,200886583296,BSE
BAJAJ-AUTO,Bajaj Auto Limited,Auto Manufacturers,Consumer Cyclical,3404091359232,BSE
BAJAJFINSV,Bajaj Finserv Ltd.,Financial Conglomerates,Financial Services,3146761371648,BSE
GOKUL,Gokul Refoils & Solvent Limited,Packaged Foods,Consumer Defensive,5274452992,BSE
RPGLIFE,RPG Life Sciences Limited,Drug Manufacturers—Specialty & Generic,Healthcare,41378099200,BSE
SENSEX1,Unknown,Unknown,Unknown,0,BSE
NIRAJ,Niraj Cement Structurals Limited,Engineering & Construction,Industrials,2512517120,BSE
RBL,Rane Brake Lining Limited,Auto Parts,Consumer Cyclical,9221734400,BSE
RANEENGINE,Rane Engine Valve Limited,Auto Parts,Consumer Cyclical,3616506624,BSE
BAFNAPH,Unknown,Drug Manufacturers—Specialty & Generic,Healthcare,2007000448,BSE
CHLLTD,CHL Limited,Unknown,Unknown,2048011776,BSE
SEJALLTD,Unknown,Building Products & Equipment,Industrials,4116254976,BSE
ARCHIDPLY,Archidply Industries Limited,Lumber & Wood Production,Basic Materials,2492064256,BSE
LOTUSEYE,Lotus Eye Hospital and Institute Limited,Medical Care Facilities,Healthcare,1711743360,BSE
SOMICONVEY,Unknown,Specialty Industrial Machinery,Industrials,1726315008,BSE
LGBFORGE,LGB Forge Limited,Metal Fabrication,Industrials,2353435904,BSE
LPDC,Landmark Property Development Company Limited,Real Estate Services,Real Estate,1510450176,BSE
SICAGEN,Sicagen India Limited,Unknown,Unknown,3670268416,BSE
SIMPLXMIL,Simplex Mills Company Limited,Unknown,Unknown,21726924800,BSE
SIMPLXPAP,Simplex Papers Limited,Unknown,Unknown,8792055808,BSE
20MICRONS,20 Microns Limited,Other Industrial Metals & Mining,Basic Materials,10363645952,BSE
ZFCVINDIA,ZF Commercial Vehicle Control Systems India Limited,Auto Parts,Consumer Cyclical,305517232128,BSE
ALKALI,Alkali Metals Limited,Specialty Chemicals,Basic Materials,1254483968,BSE
ISGEC,Isgec Heavy Engineering Limited,Specialty Industrial Machinery,Industrials,102139830272,BSE
IMFA,Indian Metals and Ferro Alloys Limited,Steel,Basic Materials,38498947072,BSE
TPHQ,Teamo Productions HQ Limited,Engineering & Construction,Industrials,1512783616,BSE
VEDAVAAG,Vedavaag Systems Limited,Unknown,Unknown,1763620224,BSE
MANJEERA,Manjeera Constructions Limited,Unknown,Unknown,510342720,BSE
MOLDTKPAC,Mold-Tek Packaging Limited,Packaging & Containers,Consumer Cyclical,25469952000,BSE
MHRIL,Mahindra Holidays & Resorts India Limited,Resorts & Casinos,Consumer Cyclical,80307077120,BSE
EXCEL,Excel Realty N Infra Limited,Conglomerates,Industrials,1058025024,BSE
ROML,Unknown,Packaged Foods,Consumer Defensive,823479168,BSE
BENGALASM,Bengal & Assam Company Limited,Unknown,Unknown,104221360128,BSE
ADANIPOWER,Adani Power Limited,Utilities—Independent Power Producers,Utilities,2520124751872,BSE
NHPC,NHPC Limited,Utilities—Renewable,Utilities,954576338944,BSE
SURYAAMBA,Suryaamba Spinning Mills Limited,Unknown,Unknown,467644416,BSE
GLOBUSSPR,Globus Spirits Limited,Beverages—Wineries & Distilleries,Consumer Defensive,35293982720,BSE
OIL,Oil India Limited,Oil & Gas Integrated,Energy,925947789312,BSE
BTTL,Bhilwara Technical Textiles Limited,Unknown,Unknown,3055258624,BSE
SPSL,Shree Precoated Steels Limited,Unknown,Unknown,82259816,BSE
EXPLEOSOL,Expleo Solutions Limited,Information Technology Services,Technology,20133707776,BSE
RTNPOWER,RattanIndia Power Limited,Utilities—Renewable,Utilities,86512476160,BSE
DEN,DEN Networks Limited,Entertainment,Communication Services,26164920320,BSE
ASTEC,Astec LifeSciences Limited,Agricultural Inputs,Basic Materials,23344353280,BSE
DLINKINDIA,D-Link (India) Limited,Communication Equipment,Technology,22371573760,BSE
JSWENERGY,JSW Energy Limited,Utilities—Independent Power Producers,Utilities,1262073806848,BSE
YUNIKM,Unknown,Unknown,Unknown,0,BSE
GODREJPROP,Godrej Properties Limited,Real Estate—Development,Real Estate,905926017024,BSE
DBCORP,D. B. Corp Limited,Publishing,Communication Services,59629146112,BSE
MBLINFRA,MBL Infrastructures Limited,Engineering & Construction,Industrials,7351759360,BSE
JUBLFOOD,Jubilant FoodWorks Limited,Restaurants,Consumer Cyclical,433326030848,BSE
VASCONEQ,Vascon Engineers Limited,Engineering & Construction,Industrials,14030102528,BSE
THANGAMAYL,Thangamayil Jewellery Limited,Luxury Goods,Consumer Cyclical,67794030592,BSE
DBREALTY,Valor Estate Limited,Real Estate—Development,Real Estate,101323038720,BSE
EMMBI,Emmbi Industries Limited,Packaging & Containers,Consumer Cyclical,2378447360,BSE
HATHWAY,Hathway Cable and Datacom Limited,Entertainment,Communication Services,37012901888,BSE
ARSSINFRA,ARSS Infrastructure Projects Limited,Infrastructure Operations,Industrials,495688384,BSE
TEXMOPIPES,Texmo Pipes and Products Limited,Building Products & Equipment,Industrials,2177946880,BSE
SUNDARAM,Sundaram Multi Pap Limited,Paper & Paper Products,Basic Materials,1388462592,BSE
ROSSELLIND,Rossell India Limited,Conglomerates,Industrials,4382218240,BSE
MANINFRA,Man Infraconstruction Limited,Engineering & Construction,Industrials,71236780032,BSE
TAMBOLIIN,Unknown,Unknown,Unknown,0,BSE
IL&FSTRANS,IL&FS Transportation Networks Limited,Infrastructure Operations,Industrials,1838886400,BSE
PERSISTENT,Persistent Systems Limited,Information Technology Services,Technology,835938091008,BSE
ISFT,IntraSoft Technologies Limited,Internet Retail,Consumer Cyclical,2567955456,BSE
KCPSUGIND,K.C.P. Sugar and Industries Corporation Limited,Confectioners,Consumer Defensive,6373370880,BSE
KECL,Kirloskar Electric Company Limited,Specialty Industrial Machinery,Industrials,13133387776,BSE
SATCH,Unknown,Unknown,Unknown,0,BSE
TARAPUR,Tarapur Transformers Limited,Specialty Industrial Machinery,Industrials,378300000,BSE
SJVN,SJVN Limited,Utilities—Renewable,Utilities,514174812160,BSE
EMAMIPAP,Emami Paper Mills Limited,Unknown,Unknown,6951335424,BSE
KRITINUT,Kriti Nutrients Limited,Packaged Foods,Consumer Defensive,7189852160,BSE
GKB,GKB Ophthalmics Limited,Unknown,Unknown,525984512,BSE
HMVL,Hindustan Media Ventures Limited,Publishing,Communication Services,7297811456,BSE
EMAMIREAL,Emami Realty Limited,Real Estate—Development,Real Estate,4317989888,BSE
AHLEAST,Asian Hotels (East) Limited,Lodging,Consumer Cyclical,2911922176,BSE
BAJAJCON,Bajaj Consumer Care Limited,Household & Personal Products,Consumer Defensive,33945143296,BSE
PRAKASHSTL,Prakash Steelage Limited,Steel,Basic Materials,1629250048,BSE
GPPL,Gujarat Pipavav Port Limited,Marine Shipping,Industrials,105244884992,BSE
WELINV,Welspun Investments and Commercials Limited,Capital Markets,Financial Services,3756074752,BSE
SASTASUNDR,Sastasundar Ventures Limited,Pharmaceutical Retailers,Healthcare,9601999872,BSE
CAREERP,Career Point Limited,Conglomerates,Industrials,9149209600,BSE
EROSMEDIA,Eros International Media Limited,Entertainment,Communication Services,2189718784,BSE
RAMKY,Ramky Infrastructure Limited,Engineering & Construction,Industrials,46729273344,BSE
GREENPOWER,Orient Green Power Company Limited,Utilities—Independent Power Producers,Utilities,24328642560,BSE
CANTABIL,Cantabil Retail India Limited,Apparel Manufacturing,Consumer Cyclical,20114939904,BSE
SEATV,Sea TV Network Limited,Unknown,Unknown,144240000,BSE
WABAG,VA Tech Wabag Limited,Engineering & Construction,Industrials,95984664576,BSE
BEDMUTHA,Bedmutha Industries Limited,Steel,Basic Materials,6910927360,BSE
ASHOKA,Ashoka Buildcon Limited,Engineering & Construction,Industrials,66461171712,BSE
JWL,Jupiter Wagons Limited,Railroads,Industrials,218213187584,BSE
OBEROIRLTY,Oberoi Realty Limited,Real Estate—Development,Real Estate,686316912640,BSE
PRESTIGE,Prestige Estates Projects Limited,Real Estate—Diversified,Real Estate,781839564800,BSE
SHAH,Shah Metacorp Limited,Steel,Basic Materials,2982882816,BSE
COALINDIA,Coal India Limited,Thermal Coal,Energy,3133746970624,BSE
GRAVITA,Gravita India Limited,Metal Fabrication,Industrials,167699824640,BSE
RPPINFRA,R.P.P. Infra Projects Limited,Engineering & Construction,Industrials,9558547456,BSE
RDBRIL,RDB Realty & Infrastructure Limited,Unknown,Unknown,6749167616,BSE
MOIL,MOIL Limited,Other Industrial Metals & Mining,Basic Materials,82655608832,BSE
ZEELEARN,Zee Learn Limited,Education & Training Services,Consumer Defensive,3056421376,BSE
KTIL,Kesar Terminals & Infrastructure Limited,Unknown,Unknown,1027091008,BSE
A2ZINFRA,A2Z Infra Engineering Limited,Engineering & Construction,Industrials,3089145088,BSE
KIRLOSENG,Kirloskar Oil Engines Limited,Specialty Industrial Machinery,Industrials,172553994240,BSE
RKDL,Ravi Kumar Distilleries Limited,Beverages—Wineries & Distilleries,Consumer Defensive,684000640,BSE
PSB,Punjab & Sind Bank,Banks—Regional,Financial Services,371558449152,BSE
FMNL,Future Market Networks Limited,Real Estate Services,Real Estate,566236928,BSE
SURANASOL,Surana Solar Limited,Solar,Technology,3064587008,BSE
SHEKHAWATI,Shekhawati Industries Limited,Textile Manufacturing,Consumer Cyclical,1746250240,BSE
KICL,Kalyani Investment Company Limited,Asset Management,Financial Services,27994515456,BSE
BFINVEST,BF Investment Limited,Asset Management,Financial Services,23433013248,BSE
SUMMITSEC,Summit Securities Limited,Capital Markets,Financial Services,30721271808,BSE
INOVSYNTH,Innovassynth Investments Limited,Unknown,Unknown,2159527936,BSE
STEL,STEL Holdings Limited,Farm Products,Consumer Defensive,10385776640,BSE
OMKARCHEM,Omkar Speciality Chemicals Limited,Specialty Chemicals,Basic Materials,184584672,BSE
JUBLINDS,Jubilant Industries Limited,Specialty Chemicals,Basic Materials,24846401536,BSE
TEXRAIL,Texmaco Rail & Engineering Limited,Railroads,Industrials,84027883520,BSE
INDTERRAIN,Indian Terrain Fashions Limited,Apparel Manufacturing,Consumer Cyclical,2475020288,BSE
FCL,Fineotex Chemical Limited,Specialty Chemicals,Basic Materials,48408829952,BSE
DHUNINV,Dhunseri Investments Limited,Capital Markets,Financial Services,14753956864,BSE
ZENTEC,Zen Technologies Limited,Aerospace & Defense,Industrials,153440468992,BSE
LOVABLE,Lovable Lingerie Limited,Apparel Manufacturing,Consumer Cyclical,2141559936,BSE
PFS,PTC India Financial Services Limited,Credit Services,Financial Services,31921465344,BSE
MUTHOOTFIN,Muthoot Finance Limited,Credit Services,Financial Services,785102995456,BSE
CNOVAPETRO,CIL Nova Petrochemicals Limited,Unknown,Unknown,1895448576,BSE
VMS,VMS Industries Limited,Unknown,Unknown,852663168,BSE
KARMAENG,Karma Energy Limited,Utilities—Renewable,Utilities,871907648,BSE
DELPHIFX,Delphi World Money Limited,Capital Markets,Financial Services,2880456960,BSE
RUSHIL,Rushil Décor Limited,"Furnishings, Fixtures & Appliances",Consumer Cyclical,9943734272,BSE
ENKEIWHEL,Enkei Wheels (India) Limited,Unknown,Unknown,12536594432,BSE
KRIDHANINF,Unknown,Steel,Basic Materials,421767424,BSE
INVENTURE,Inventure Growth & Securities Limited,Capital Markets,Financial Services,2446499840,BSE
LTF,L&T Finance Limited,Credit Services,Financial Services,468750336000,BSE
YAARI,Yaari Digital Integrated Services Limited,Credit Services,Financial Services,1114186496,BSE
TREEHOUSE,Tree House Education & Accessories Limited,Education & Training Services,Consumer Defensive,775555136,BSE
BROOKS,Brooks Laboratories Limited,Drug Manufacturers—Specialty & Generic,Healthcare,3976375040,BSE
RUPA,Rupa & Company Limited,Apparel Manufacturing,Consumer Cyclical,23404089344,BSE
TDPOWERSYS,TD Power Systems Limited,Specialty Industrial Machinery,Industrials,64420126720,BSE
APLLTD,Alembic Pharmaceuticals Limited,Drug Manufacturers—Specialty & Generic,Healthcare,233998417920,BSE
VASWANI,Vaswani Industries Limited,Steel,Basic Materials,2073237632,BSE
PGEL,PG Electroplast Limited,Electronic Components,Technology,165093818368,BSE
LESHAIND,Lesha Industries Limited,Unknown,Unknown,25336150,BSE
SETUINFRA,Setubandhan Infrastructure Limited,Engineering & Construction,Industrials,106826304,BSE
RDBRL,RDB Rasayans Limited,Unknown,Unknown,2917627392,BSE
TIJARIA,Tijaria Polypipes Limited,Building Products & Equipment,Industrials,311743680,BSE
ONELIFECAP,Onelife Capital Advisors Limited,Capital Markets,Financial Services,239678400,BSE
FLEXITUFF,Flexituff Ventures International Limited,Textile Manufacturing,Consumer Cyclical,2574538752,BSE
UEL,Ujaas Energy Limited,Solar,Technology,68163039232,BSE
TRITURBINE,Triveni Turbine Limited,Specialty Industrial Machinery,Industrials,226439659520,BSE
INDOTHAI,Indo Thai Securities Limited,Capital Markets,Financial Services,7770999808,BSE
ESSARSHPNG,Essar Shipping Limited,Marine Shipping,Industrials,8798548992,BSE
APLAPOLLO,APL Apollo Tubes Limited,Steel,Basic Materials,449534984192,BSE
GPTINFRA,GPT Infraprojects Limited,Engineering & Construction,Industrials,19422300160,BSE
FERVENTSYN,Fervent Synergies Limited,Unknown,Unknown,538200000,BSE
THOMASCOTT,Thomas Scott (India) Limited,Textile Manufacturing,Consumer Cyclical,2709153792,BSE
TERASOFT,Tera Software Limited,Information Technology Services,Technology,1042741696,BSE
PMCFIN,PMC Fincorp Limited,Unknown,Unknown,2723476224,BSE
FUTSOL,Futuristic Solutions Limited,Unknown,Unknown,792836352,BSE
AIML,Alliance Integrated Metaliks Limited,Unknown,Unknown,0,BSE
RHIM,RHI Magnesita India Limited,Metal Fabrication,Industrials,128732725248,BSE
MCX,Multi Commodity Exchange of India Limited,Financial Data & Stock Exchanges,Financial Services,296692154368,BSE
PYXISFIN,Unknown,Unknown,Unknown,0,BSE
SCHNEIDER,Schneider Electric Infrastructure Limited,Electrical Equipment & Parts,Industrials,195049095168,BSE
OLPCL,Olympic Cards Limited,Unknown,Unknown,57243536,BSE
NBCC,NBCC (India) Limited,Engineering & Construction,Industrials,324269998080,BSE
HEXATRADEX,Hexa Tradex Limited,Credit Services,Financial Services,16219844608,BSE
MAXHEIGHTS,Max Heights Infrastructure Limited,Unknown,Unknown,624680192,BSE
TBZ,Tribhovandas Bhimji Zaveri Limited,Luxury Goods,Consumer Cyclical,19114981376,BSE
VSSL,Vardhman Special Steels Limited,Steel,Basic Materials,24693016576,BSE
LOOKS,Looks Health Services Limited,Unknown,Unknown,55335000,BSE
SPECIALITY,Speciality Restaurants Limited,Restaurants,Consumer Cyclical,8078008320,BSE
LYPSAGEMS,Lypsa Gems & Jewellery Limited,Luxury Goods,Consumer Cyclical,248550128,BSE
RTNINDIA,RattanIndia Enterprises Limited,Internet Retail,Consumer Cyclical,105210011648,BSE
SAMPANN,Sampann Utpadan India Limited,Specialty Chemicals,Basic Materials,1190279040,BSE
JTLIND,JTL Industries Limited,Steel,Basic Materials,47061741568,BSE
AMTL,Advance Metering Technology Limited,Unknown,Unknown,680195712,BSE
NECCLTD,North Eastern Carrying Corporation Limited,Trucking,Industrials,3240079616,BSE
WAAREERTL,Unknown,Unknown,Unknown,0,BSE
JUPITERIN,Jupiter Infomedia Limited,Unknown,Unknown,410719808,BSE
VINAYAKPOL,Vinayak Polycon International Limited,Unknown,Unknown,0,BSE
JOINTECAED,Jointeca Education Solutions Ltd.,Unknown,Unknown,0,BSE
DUCON,Ducon Infratechnologies Limited,Specialty Industrial Machinery,Industrials,3070550784,BSE
PROZONER,Prozone Realty Limited,Real Estate—Diversified,Real Estate,3982938624,BSE
SRGHFL,SRG Housing Finance Limited,Mortgage Finance,Financial Services,4928892416,BSE
COMCL,Comfort Commotrade Limited,Unknown,Unknown,349998592,BSE
SHANTIGURU,Unknown,Unknown,Unknown,0,BSE
CASPIAN,Unknown,Unknown,Unknown,0,BSE
AERPACE,Unknown,Unknown,Unknown,0,BSE
VIRTUALG,Virtual Global Education Limited,Unknown,Unknown,0,BSE
ZUARI,Zuari Agro Chemicals Limited,Agricultural Inputs,Basic Materials,8935222272,BSE
STEELXIND,Steel Exchange India Limited,Steel,Basic Materials,15341639680,BSE
TRIOMERC,Trio Mercantile & Trading Limited,Unknown,Unknown,12810930,BSE
CIGNITITEC,Unknown,Information Technology Services,Technology,38016753664,BSE
CDG,Unknown,Unknown,Unknown,0,BSE
CARERATING,CARE Ratings Limited,Financial Data & Stock Exchanges,Financial Services,30051698688,BSE
PCJEWELLER,PC Jeweller Limited,Luxury Goods,Consumer Cyclical,78774222848,BSE
INDUSTOWER,Indus Towers Limited,Telecom Services,Communication Services,1012422148096,BSE
VMART,V-Mart Retail Limited,Department Stores,Consumer Cyclical,87273086976,BSE
NIBE,Unknown,Unknown,Unknown,0,BSE
MUKTA,Mukta Agriculture Limited,Unknown,Unknown,134900000,BSE
MYSTICELE,Mystic Electronics Limited,Unknown,Unknown,117806552,BSE
COMFINCAP,Comfort Fincap Limited,Unknown,Unknown,114589736,BSE
SBISENSEX,SBI ETF Sensex,Unknown,Unknown,0,BSE
BMAL,Bothra Metals and Alloys Limited,Unknown,Unknown,201275440,BSE
REPCOHOME,Repco Home Finance Limited,Mortgage Finance,Financial Services,33429682176,BSE
LAKHOTIA,Lakhotia Polyesters (India) Limited,Unknown,Unknown,362924128,BSE
GCMSECU,GCM Securities Limited,Unknown,Unknown,0,BSE
NIBL,NRB Industrial Bearings Limited,Tools & Accessories,Industrials,854855552,BSE
PRIMECAPM,Unknown,Unknown,Unknown,0,BSE
KIFS,KIFS Financial Services Limited,Unknown,Unknown,1919654016,BSE
SREEL,Sreeleathers Limited,Footwear & Accessories,Consumer Cyclical,6571388928,BSE
SHARDAMOTR,Unknown,Auto Parts,Consumer Cyclical,68107177984,BSE
SVGLOBAL,S V Global Mill Limited,Unknown,Unknown,2565073664,BSE
SDC,Unknown,Unknown,Unknown,0,BSE
JUSTDIAL,Just Dial Limited,Internet Content & Information,Communication Services,99054952448,BSE
OONE,ObjectOne Information Systems Limited,Unknown,Unknown,109954472,BSE
IFINSEC,India Finsec Limited,Unknown,Unknown,3616546560,BSE
BRAHMINFRA,Brahmaputra Infrastructure Limited,Unknown,Unknown,2059145600,BSE
AMPVOLTS,Unknown,Unknown,Unknown,0,BSE
KHOOBSURAT,Khoobsurat Limited,Unknown,Unknown,92213000,BSE
ORIENTCEM,Orient Cement Limited,Building Materials,Basic Materials,64154722304,BSE
ABFRL,Aditya Birla Fashion and Retail Limited,Apparel Manufacturing,Consumer Cyclical,375822581760,BSE
SAMMAANCAP,Sammaan Capital Limited,Mortgage Finance,Financial Services,117510348800,BSE
MMLF,Money Masters Leasing & Finance Limited,Unknown,Unknown,0,BSE
ALSL,Alacrity Securities Limited,Unknown,Unknown,0,BSE
GCMCOMM,GCM Commodity & Derivatives Limited,Unknown,Unknown,0,BSE
ESSENTIA,Integra Essentia Limited,Food Distribution,Consumer Defensive,4067898880,BSE
JULIEN,Unknown,Unknown,Unknown,0,BSE
TIGERLOGS,Tiger Logistics (India) Limited,Unknown,Unknown,666596096,BSE
JK AGRI,Unknown,Unknown,Unknown,0,BSE
FLFL,Future Lifestyle Fashions Limited,Apparel Manufacturing,Consumer Cyclical,472152480,BSE
PVVINFRA,PVV Infra Limited,Unknown,Unknown,44135372,BSE
VCU,VCU Data Management Limited,Unknown,Unknown,97960000,BSE
INDRENEW,Ind Renewable Energy Limited,Unknown,Unknown,37932820,BSE
SRGSFL,Unknown,Unknown,Unknown,0,BSE
ACFSL,Unknown,Unknown,Unknown,0,BSE
STELLAR,Stellar Capital Services Limited,Unknown,Unknown,147272848,BSE
JPOLYINVST,Jindal Poly Investment and Finance Company Limited,Asset Management,Financial Services,8412148224,BSE
YURANUS,Yuranus Infrastructure Limited,Unknown,Unknown,267400000,BSE
MOM100,Unknown,Unknown,Unknown,0,BSE
CPL,Captain Polyplast Limited,Unknown,Unknown,2982333696,BSE
NIFTYIETF,Unknown,Unknown,Unknown,0,BSE
NIF100IETF,Unknown,Unknown,Unknown,0,BSE
ARNOLD,Arnold Holdings Ltd.,Unknown,Unknown,1781342208,BSE
SUNLOC,Sunil Healthcare Limited,Unknown,Unknown,909498240,BSE
SUYOG,Suyog Telematics Limited,Telecom Services,Communication Services,16887548928,BSE
NATHBIOGEN,Nath Bio-Genes (India) Limited,Agricultural Inputs,Basic Materials,4113415680,BSE
AGRITECH,Agri-tech (India) Limited,Farm Products,Consumer Defensive,1312145920,BSE
CHEMTECH,Chemtech Industrial Valves Limited,Unknown,Unknown,3359461120,BSE
NIF100BEES,Unknown,Unknown,Unknown,0,BSE
DENISCHEM,Denis Chem Lab Limited,Unknown,Unknown,2137705728,BSE
POLYMAC,Polymac Thermoformers Limited,Unknown,Unknown,0,BSE
UNISHIRE,Unishire Urban Infra Limited,Unknown,Unknown,92805880,BSE
LAXMIPATI,Unknown,Unknown,Unknown,0,BSE
ETT,ETT Limited,Unknown,Unknown,176993712,BSE
NIFTY1,Unknown,Unknown,Unknown,0,BSE
HANSUGAR,Unknown,Unknown,Unknown,0,BSE
KIRANVYPAR,Kiran Vyapar Limited,Unknown,Unknown,6666894336,BSE
BCP,B.C. Power Controls Limited,Unknown,Unknown,329868000,BSE
KCSL,Unknown,Unknown,Unknown,0,BSE
RACE,Race Eco Chain Limited,Waste Management,Industrials,6576166400,BSE
MANGIND,Mangalam Industrial Finance Limited,Unknown,Unknown,3312420864,BSE
VIJIFIN,Unknown,Credit Services,Financial Services,403274976,BSE
PHOENIXTN,Phoenix Township Limited,Unknown,Unknown,3552012288,BSE
INFRONICS,Infronics Systems Limited,Unknown,Unknown,429534848,BSE
CPSEETF,CPSE ETF,Unknown,Unknown,0,BSE
HARIAAPL,Haria Apparels Limited,Unknown,Unknown,0,BSE
VASUPRADA,Unknown,Unknown,Unknown,0,BSE
RNBDENIMS,R & B Denims Limited,Unknown,Unknown,1058839040,BSE
SHARPINV,Sharp Investments Limited,Unknown,Unknown,188836432,BSE
WONDERLA,Wonderla Holidays Limited,Leisure,Consumer Cyclical,51295010816,BSE
RESPONSINF,Response Informatics Limited,Unknown,Unknown,418288224,BSE
GCMCAPI,GCM Capital Advisors Limited,Unknown,Unknown,149241408,BSE
AFEL,AF Enterprises Limited,Unknown,Unknown,73320000,BSE
INCREDIBLE,Incredible Industries Limited,Steel,Basic Materials,2117932544,BSE
WESTLEIRES,West Leisure Resorts Limited,Unknown,Unknown,0,BSE
NAM,Nam Securities Limited,Unknown,Unknown,526904768,BSE
METSL,Maestros Electronics & Telecommunications Systems Limited,Unknown,Unknown,760964160,BSE
SPS,SPS Finquest Limited,Unknown,Unknown,0,BSE
JACKSON,Unknown,Unknown,Unknown,0,BSE
MONEYBOXX,Unknown,Unknown,Unknown,0,BSE
WORTH,Worth Investment & Trading Company Limited,Unknown,Unknown,0,BSE
QUASAR,Quasar India Limited,Unknown,Unknown,22342774,BSE
TPROJECT,Thirani Projects Limited,Unknown,Unknown,77415408,BSE
AMARSEC,Amarnath Securities Limited,Unknown,Unknown,0,BSE
CTL,Capital Trade Links Limited,Unknown,Unknown,2723566848,BSE
TARINI,Tarini International Limited,Unknown,Unknown,384480832,BSE
YAANENT,Unknown,Unknown,Unknown,0,BSE
JTAPARIA,J. Taparia Projects Limited,Unknown,Unknown,422172000,BSE
RLFL,Ramchandra Leasing and Finance Limited,Unknown,Unknown,142741984,BSE
GOLDCOINHF,GoldCoin Health Foods Limited,Unknown,Unknown,24007200,BSE
BRPL,Bansal Roofing Products Limited,Unknown,Unknown,537709760,BSE
ARMAN,Arman Holdings Limited,Unknown,Unknown,0,BSE
SKIPPER,Skipper Limited,Engineering & Construction,Industrials,50708197376,BSE
ADARSH,Unknown,Unknown,Unknown,0,BSE
JAMESWARREN,James Warren Tea Limited,Unknown,Unknown,2229835264,BSE
VISTARAMAR,Vistar Amar Limited,Unknown,Unknown,552480000,BSE
GULFOILLUB,Gulf Oil Lubricants India Limited,Specialty Chemicals,Basic Materials,67883364352,BSE
FRUTION,Fruition Venture Limited,Unknown,Unknown,212400000,BSE
TRIVENIENT,Triveni Enterprises Limited,Unknown,Unknown,141955200,BSE
BHANDERI,Unknown,Unknown,Unknown,0,BSE
ZINEMA,Unknown,Unknown,Unknown,0,BSE
QUANTBUILD,Quantum Build-Tech Limited,Unknown,Unknown,95249280,BSE
TTIENT,TTI Enterprise Limited,Unknown,Unknown,332035488,BSE
VISHAL,Vishal Fabrics Limited,Textile Manufacturing,Consumer Cyclical,6315615232,BSE
TOYAMSL,Unknown,Unknown,Unknown,0,BSE
GAJANANSEC,Gajanan Securities Services Limited,Unknown,Unknown,0,BSE
UNISON,Unknown,Unknown,Unknown,0,BSE
RTFL,Real Touch Finance Limited,Unknown,Unknown,891281408,BSE
VRL,Vasundhara Rasayans Limited,Unknown,Unknown,961723328,BSE
SNOWMAN,Snowman Logistics Limited,Integrated Freight & Logistics,Industrials,13714583552,BSE
QGO,Unknown,Unknown,Unknown,0,BSE
PURSHOTTAM,Purshottam Investofin Limited,Unknown,Unknown,317509280,BSE
HCLTD,Unknown,Unknown,Unknown,0,BSE
SHARDACROP,Sharda Cropchem Limited,Agricultural Inputs,Basic Materials,51957985280,BSE
SIROHIA,Unknown,Unknown,Unknown,0,BSE
MIIL,Unknown,Unknown,Unknown,0,BSE
CITYONLINE,City Online Services Limited,Unknown,Unknown,30988200,BSE
SENSEXBEES,Unknown,Unknown,Unknown,0,BSE
SHEMAROO,Shemaroo Entertainment Limited,Entertainment,Communication Services,5555510784,BSE
ULTRACAB,Ultracab (India) Limited,Unknown,Unknown,203949696,BSE
RCCL,Rajasthan Cylinders and Containers Ltd.,Unknown,Unknown,121118440,BSE
ETIL,Econo Trade (India) Limited,Unknown,Unknown,168586480,BSE
ATISHAY,Atishay Limited,Unknown,Unknown,1437452160,BSE
SANGAMFIN,Unknown,Unknown,Unknown,0,BSE
DHABRIYA,Dhabriya Polywood Limited,Unknown,Unknown,4653323264,BSE
ARYACAPM,Unknown,Unknown,Unknown,0,BSE
PDSL,PDS Limited,Specialty Business Services,Industrials,72365506560,BSE
HANMAN,Unknown,Unknown,Unknown,0,BSE
VGCL,Vibrant Global Capital Limited,Unknown,Unknown,1314278272,BSE
STARLIT,Starlit Power Systems Limited,Unknown,Unknown,33616764,BSE
CEINSYSTECH,Ceinsys Tech Limited,Unknown,Unknown,7661905408,BSE
PANABYTE,Unknown,Unknown,Unknown,0,BSE
JSHL,JLA Infraville Shoppers Limited,Unknown,Unknown,30178500,BSE
CRANEINFRA,Crane Infrastructure Limited,Unknown,Unknown,190102496,BSE
NIYOGIN,Niyogin Fintech Limited,Unknown,Unknown,4811361792,BSE
ASIACAP,Unknown,Unknown,Unknown,0,BSE
KALYANCAP,Unknown,Unknown,Unknown,0,BSE
GBFL,Goenka Business & Finance Limited,Unknown,Unknown,114920888,BSE
GILADAFINS,Gilada Finance & Investments Limited,Unknown,Unknown,46011132,BSE
SAPPL,Shree Ajit Pulp and Paper Limited,Unknown,Unknown,1167760640,BSE
AANCHALISP,Aanchal Ispat Limited,Unknown,Unknown,124080104,BSE
CAPPIPES,Captain Pipes Limited,Unknown,Unknown,67077568,BSE
KAIZENAGRO,Unknown,Unknown,Unknown,0,BSE
JMJFIN,Unknown,Unknown,Unknown,0,BSE
INTELLECT,Intellect Design Arena Limited,Software—Application,Technology,126773600256,BSE
MONTECARLO,Monte Carlo Fashions Limited,Apparel Manufacturing,Consumer Cyclical,17326852096,BSE
JSTL,Jeevan Scientific Technology Limited,Unknown,Unknown,865146816,BSE
ICL,Unknown,Unknown,Unknown,0,BSE
SCC,Scintilla Commercial & Credit Limited,Unknown,Unknown,0,BSE
PANAFIC,Panafic Industrials Limited,Unknown,Unknown,118260008,BSE
MYMONEY,Unknown,Unknown,Unknown,0,BSE
AMARNATH,Unknown,Unknown,Unknown,0,BSE
CSL,Continental Securities Limited,Unknown,Unknown,46331540,BSE
NEXUSSURGL,Unknown,Unknown,Unknown,0,BSE
SELLWIN,Sellwin Traders Limited,Unknown,Unknown,0,BSE
GALADAFIN,Galada Finance Limited,Unknown,Unknown,0,BSE
EMERALD,Emerald Leasing Finance and Investment Company Limited,Unknown,Unknown,643907840,BSE
MKEXIM,M.K. Exim (India) Limited,Unknown,Unknown,669438016,BSE
MCLOUD,Unknown,Unknown,Unknown,0,BSE
OCTAL,Octal Credit Capital Limited,Unknown,Unknown,0,BSE
MIHIKA,Mihika Industries Limited,Unknown,Unknown,0,BSE
KANCHI,Kanchi Karpooram Limited,Unknown,Unknown,2964408064,BSE
DTIL,Unknown,Packaged Foods,Consumer Defensive,2879027712,BSE
VANICOM,Vani Commercials Limited,Unknown,Unknown,46842124,BSE
SKILVEN,Unknown,Unknown,Unknown,0,BSE
VINCOFE,Unknown,Unknown,Unknown,0,BSE
RAFL,Raghuvansh Agrofarms Limited,Unknown,Unknown,1370524032,BSE
COSYN,Cosyn Limited,Unknown,Unknown,340200000,BSE
SOFCOM,Sofcom Systems Limited,Unknown,Unknown,0,BSE
NAPL,Naturite Agro Products Limited,Unknown,Unknown,0,BSE
KARNAVATI,Karnavati Finance Limited,Unknown,Unknown,27235500,BSE
ABHIFIN,Abhishek Finlease Limited,Unknown,Unknown,0,BSE
MERCANTILE,Mercantile Ventures Limited,Unknown,Unknown,2853908992,BSE
SONAL,Sonal Mercantile Limited,Unknown,Unknown,1901266560,BSE
ALFL,Abhinav Leasing and Finance Limited,Unknown,Unknown,102459000,BSE
GENUSPAPER,Genus Paper & Boards Limited,Paper & Paper Products,Basic Materials,6929545728,BSE
MINDACORP,Minda Corporation Limited,Auto Parts,Consumer Cyclical,144132833280,BSE
MERCURYLAB,Mercury Laboratories Limited,Unknown,Unknown,1186259968,BSE
CONCORD,Concord Drugs Limited,Unknown,Unknown,328590144,BSE
WARDINMOBI,Unknown,Unknown,Unknown,0,BSE
SHREESEC,Unknown,Unknown,Unknown,0,BSE
GREENLAM,Unknown,"Furnishings, Fixtures & Appliances",Consumer Cyclical,64750182400,BSE
TALBROSENG,Talbros Engineering Limited,Unknown,Unknown,3236268800,BSE
SAPL,SAR Auto Products Limited,Unknown,Unknown,9529480192,BSE
PUROHITCON,Unknown,Unknown,Unknown,0,BSE
JAYATMA,Jayatma Enterprises Limited,Unknown,Unknown,0,BSE
PTCIL,PTC Industries Limited,Metal Fabrication,Industrials,204769329152,BSE
CHENFERRO,Chennai Ferrous Industries Limited,Unknown,Unknown,553652736,BSE
MEGRISOFT,Megri Soft Limited,Unknown,Unknown,350188064,BSE
GITARENEW,Gita Renewable Energy Limited,Unknown,Unknown,699913472,BSE
ORTEL,Ortel Communications Limited,Entertainment,Communication Services,63315648,BSE
NEIL,Neil Industries Limited,Unknown,Unknown,270029696,BSE
STARHFL,Unknown,Unknown,Unknown,0,BSE
BEEKAY,Beekay Steel Industries Limited,Unknown,Unknown,13785313280,BSE
SSPNFIN,Unknown,Unknown,Unknown,0,BSE
SETFBSE100,SBI ETF BSE 100 ETF,Unknown,Unknown,0,BSE
FRASER,Fraser and Company Limited,Unknown,Unknown,41413528,BSE
TTIL,Tirupati Tyres Limited,Unknown,Unknown,56783316,BSE
GANVERSE,Unknown,Unknown,Unknown,0,BSE
AGIIL,AGI Infra Limited,Real Estate—Development,Real Estate,12142788608,BSE
MANAKSTEEL,Unknown,Steel,Basic Materials,4487119872,BSE
MANAKALUCO,Unknown,Aluminum,Basic Materials,2199979776,BSE
MANAKCOAT,Unknown,Metal Fabrication,Industrials,5331028480,BSE
IMAGICAA,Imagicaaworld Entertainment Limited,Entertainment,Communication Services,45907300352,BSE
INOXWIND,Inox Wind Limited,Specialty Industrial Machinery,Industrials,311605788672,BSE
RAJPUTANA,Unknown,Unknown,Unknown,0,BSE
CITL,Unknown,Unknown,Unknown,0,BSE
AANANDALAK,Aananda Lakshmi Spinning Mills Limited,Unknown,Unknown,0,BSE
URSUGAR,Unknown,Unknown,Unknown,0,BSE
FILTRA,Filtra Consultants and Engineers Limited,Unknown,Unknown,723624000,BSE
ATHCON,Athena Constructions Limited,Unknown,Unknown,0,BSE
NORTHLINK,Northlink Fiscal and Capital Services Limited,Unknown,Unknown,126000000,BSE
SHESHAINDS,Sheshadri Industries Limited,Unknown,Unknown,69384520,BSE
SAB,SAB Industries Limited,Unknown,Unknown,2868329472,BSE
PML,Paul Merchants Limited,Unknown,Unknown,958455744,BSE
ALAN SCOTT,Unknown,Unknown,Unknown,0,BSE
OPCHAINS,Unknown,Unknown,Unknown,0,BSE
SUJALA,Sujala Trading & Holdings Limited,Unknown,Unknown,195111664,BSE
VRLLOG,VRL Logistics Limited,Trucking,Industrials,49380339712,BSE
JAINMARMO,Unknown,Unknown,Unknown,0,BSE
PALCO,Palco Metals Limited,Unknown,Unknown,0,BSE
VBIND,V. B. Industries Limited,Unknown,Unknown,0,BSE
SARVOTTAM,Sarvottam Finvest Limited,Unknown,Unknown,0,BSE
MEP,MEP Infrastructure Developers Limited,Infrastructure Operations,Industrials,1032801024,BSE
WARDWIZFBL,Unknown,Unknown,Unknown,0,BSE
UFO,UFO Moviez India Limited,Entertainment,Communication Services,5381676032,BSE
PANTH,Unknown,Unknown,Unknown,0,BSE
SHIVALIK,Shivalik Rasayan Limited,Agricultural Inputs,Basic Materials,8811853824,BSE
ICSL,Integrated Capital Services Limited,Unknown,Unknown,143403520,BSE
PNCINFRA,PNC Infratech Limited,Engineering & Construction,Industrials,115352764416,BSE
ARFIN,Arfin India Limited,Unknown,Unknown,602798720,BSE
VLL,Unknown,Unknown,Unknown,0,BSE
HELPAGE,Helpage Finlease Limited,Unknown,Unknown,231677280,BSE
INDRAIND,Indra Industries Limited,Unknown,Unknown,69239872,BSE
HAWAENG,Hawa Engineers Limited,Unknown,Unknown,613064640,BSE
AIIL,Authum Investment & Infrastructure Limited,Capital Markets,Financial Services,308540407808,BSE
ADHBHUTIN,Adhbhut Infrastructure Limited,Unknown,Unknown,0,BSE
DFL,Decillion Finance Limited,Unknown,Unknown,0,BSE
POEL,POCL Enterprises Limited,Unknown,Unknown,4277341696,BSE
AEL,Amba Enterprises Limited,Unknown,Unknown,2446641664,BSE
CAPFIN,Capfin India Limited,Unknown,Unknown,0,BSE
SGFIN,Unknown,Unknown,Unknown,0,BSE
SATIA,Satia Industries Limited,Paper & Paper Products,Basic Materials,11969999872,BSE
GVBL,Unknown,Unknown,Unknown,0,BSE
GARMNTMNTR,Unknown,Unknown,Unknown,0,BSE
SRESTHA,Srestha Finvest Limited,Unknown,Unknown,66052984,BSE
SAUMYA,Saumya Consultants Limited,Unknown,Unknown,1556817408,BSE
MUL,Mauria Udyog Limited,Unknown,Unknown,189410400,BSE
MISHKA,Mishka Exim Limited,Unknown,Unknown,968150016,BSE
SPORTKING,Sportking India Limited,Textile Manufacturing,Consumer Cyclical,14695876608,BSE
GROWINGTON,Unknown,Unknown,Unknown,0,BSE
RUDRA,Rudra Global Infra Products Limited,Unknown,Unknown,1193090176,BSE
LOYAL,Loyal Equipments Limited,Unknown,Unknown,3081420032,BSE
GGPL,Gala Global Products Limited,Unknown,Unknown,174136048,BSE
CHEMIESYNT,Unknown,Unknown,Unknown,0,BSE
BALKRISHNA,Balkrishna Paper Mills Limited,Packaging & Containers,Consumer Cyclical,911489664,BSE
SHYAMCENT,Unknown,Steel,Basic Materials,3961260800,BSE
SURYAINDIA,Unknown,Unknown,Unknown,0,BSE
ADANIENSOL,Adani Energy Solutions Limited,Utilities—Independent Power Producers,Utilities,1250232107008,BSE
STARDELTA,Star Delta Transformers Limited,Unknown,Unknown,2313154304,BSE
AMRAFIN,Unknown,Unknown,Unknown,0,BSE
SAMSRITA,Unknown,Unknown,Unknown,0,BSE
SYNGENE,Syngene International Limited,Diagnostics & Research,Healthcare,364574932992,BSE
PECOS,Pecos Hotels and Pubs Limited,Unknown,Unknown,471687808,BSE
MSL,Mangalam Seeds Limited,Unknown,Unknown,2566621696,BSE
KAYA,Kaya Limited,Household & Personal Products,Consumer Defensive,6049735168,BSE
ALSTONE,Unknown,Unknown,Unknown,0,BSE
SYMBIOX,Symbiox Investment & Trading Co Ltd,Unknown,Unknown,122959088,BSE
ORTINGLOBE,Ortin Global Limited,Drug Manufacturers—Specialty & Generic,Healthcare,171328384,BSE
AVI,AVI Polymers Limited,Unknown,Unknown,0,BSE
AURUM,Aurum PropTech Limited,Real Estate Services,Real Estate,13746241536,BSE
OSWALGREEN,Oswal Greentech Limited,Asset Management,Financial Services,15231323136,BSE
VASUDHAGAM,Unknown,Unknown,Unknown,0,BSE
AKSPINTEX,A.K. Spintex Limited,Unknown,Unknown,1173655680,BSE
ARVSMART,Arvind SmartSpaces Limited,Real Estate—Development,Real Estate,36910600192,BSE
POWERMECH,Power Mech Projects Limited,Engineering & Construction,Industrials,106252722176,BSE
RAMASTEEL,Rama Steel Tubes Limited,Steel,Basic Materials,23064801280,BSE
THINKINK,Unknown,Unknown,Unknown,0,BSE
UTISENSETF,UTI Sensex ETF,Unknown,Unknown,0,BSE
UTINIFTETF,UTI Nifty ETF,Unknown,Unknown,0,BSE
UNIAUTO,Universal Autofoundry Limited,Unknown,Unknown,1198658048,BSE
VETO,Veto Switchgears and Cables Limited,Electrical Equipment & Parts,Industrials,2825123072,BSE
NAVKARCORP,Navkar Corporation Limited,Integrated Freight & Logistics,Industrials,19605100544,BSE
SHREEPUSHK,Shree Pushkar Chemicals & Fertilisers Limited,Specialty Chemicals,Basic Materials,8144249856,BSE
GUJGASLTD,Unknown,Utilities—Regulated Gas,Utilities,422981238784,BSE
WAAREE,Unknown,Unknown,Unknown,0,BSE
SADBHIN,Sadbhav Infrastructure Project Limited,Engineering & Construction,Industrials,2462052608,BSE
SALAUTO,Unknown,Unknown,Unknown,0,BSE
POLYSPIN,Polyspin Exports Limited,Unknown,Unknown,452900000,BSE
PRITIKAUTO,Pritika Auto Industries Limited,Specialty Industrial Machinery,Industrials,4418933248,BSE
SML,Soni Medicare Limited,Unknown,Unknown,132425144,BSE
MINFY,Mahaveer Infoway Limited,Unknown,Unknown,48369020,BSE
KRISHNACAP,Krishna Capital & Securities Limited,Unknown,Unknown,84013440,BSE
ACME,Acme Resources Limited,Unknown,Unknown,926784000,BSE
KCL,Unknown,Unknown,Unknown,0,BSE
VISHALBL,Vishal Bearings Limited,Unknown,Unknown,0,BSE
BELLACASA,Bella Casa Fashion & Retail Limited,Unknown,Unknown,6189041152,BSE
MALLCOM,Mallcom (India) Limited,Security & Protection Services,Industrials,9200879616,BSE
PJL,Unknown,Unknown,Unknown,0,BSE
NAKSH,Unknown,Unknown,Unknown,0,BSE
SATIN,Satin Creditcare Network Limited,Credit Services,Financial Services,21117696000,BSE
DITCO,Decorous Investment and Trading Company Limited,Unknown,Unknown,0,BSE
SWAGTAM,Unknown,Unknown,Unknown,0,BSE
GENCON,Generic Engineering Construction and Projects Limited,Engineering & Construction,Industrials,2533036544,BSE
KUBERJI,Kuber Udyog Limited,Unknown,Unknown,139517120,BSE
NEERAJ,Neeraj Paper Marketing Limited,Unknown,Unknown,202840000,BSE
TEJNAKSH,Tejnaksh Healthcare Limited,Unknown,Unknown,261334464,BSE
BRIPORT,Unknown,Unknown,Unknown,0,BSE
RFSL,Unknown,Unknown,Unknown,0,BSE
COFFEEDAY,Coffee Day Enterprises Limited,Restaurants,Consumer Cyclical,8120526336,BSE
IDFCFIRSTB,IDFC First Bank Limited,Banks—Regional,Financial Services,549531746304,BSE
INDIGO,InterGlobe Aviation Limited,Airlines,Industrials,1894764118016,BSE
IGCIL,Unknown,Unknown,Unknown,0,BSE
SHK,S H Kelkar and Company Limited,Specialty Chemicals,Basic Materials,40771903488,BSE
ARYAVAN,Unknown,Unknown,Unknown,0,BSE
TFSL,Unknown,Unknown,Unknown,0,BSE
PANORAMA,Unknown,Unknown,Unknown,0,BSE
SHREEGANES,Shree Ganesh Bio-Tech (India) Limited,Unknown,Unknown,21326386,BSE
GTV,GTV Engineering Limited,Unknown,Unknown,0,BSE
LICNETFN50,LIC MF ETF Nifty 50,Unknown,Unknown,0,BSE
LICNETFSEN,LIC MF ETF Sensex,Unknown,Unknown,0,BSE
TFLL,Unknown,Unknown,Unknown,0,BSE
GARBIFIN,Garbi Finvest Limited,Unknown,Unknown,0,BSE
SMARTFIN,Smart Finsec Limited,Unknown,Unknown,0,BSE
RAJKOTINV,Rajkot Investment Trust Limited,Unknown,Unknown,0,BSE
ADCON,Adcon Capital Services Limited,Unknown,Unknown,3764165,BSE
QUINT,Unknown,Unknown,Unknown,0,BSE
HDFCNIFTY,Unknown,Unknown,Unknown,0,BSE
HDFCSENSEX,Unknown,Unknown,Unknown,0,BSE
UDAYJEW,Uday Jewellery Industries Limited,Unknown,Unknown,3374856192,BSE
MAYUKH,Mayukh Dealtrade Limited,Unknown,Unknown,27520002,BSE
NAVIGANT,Navigant Corporate Advisors Limited,Unknown,Unknown,0,BSE
GROVY,Grovy India Limited,Unknown,Unknown,423424960,BSE
ALKEM,Alkem Laboratories Limited,Drug Manufacturers—Specialty & Generic,Healthcare,735516033024,BSE
LALPATHLAB,Dr. Lal PathLabs Limited,Diagnostics & Research,Healthcare,284601319424,BSE
SCTL,Suncare Traders Limited,Unknown,Unknown,175063200,BSE
CREATIVE,Creative Castings Limited,Unknown,Unknown,1038895040,BSE
AAYUSH,Aayush Food and Herbs Limited,Unknown,Unknown,255721888,BSE
ELITECON,Unknown,Unknown,Unknown,0,BSE
LUXIND,Lux Industries Limited,Apparel Manufacturing,Consumer Cyclical,65318678528,BSE
VALLEY,Unknown,Unknown,Unknown,0,BSE
APOORVA,Apoorva Leasing Finance and Investment Company Limited,Unknown,Unknown,0,BSE
BNL,Beekay Niryat Limited,Unknown,Unknown,657770944,BSE
NH,Narayana Hrudayalaya Limited,Medical Care Facilities,Healthcare,251447967744,BSE
FMEC,F Mec International Financial Services Limited,Unknown,Unknown,0,BSE
DDIL,Deep Diamond India Limited,Unknown,Unknown,0,BSE
ABHIJIT,Unknown,Unknown,Unknown,0,BSE
REMLIFE,Unknown,Unknown,Unknown,0,BSE
AARNAV,Unknown,Unknown,Unknown,0,BSE
SCL,Sunshine Capital Limited,Unknown,Unknown,0,BSE
SIPTL,Sharanam Infraproject And Trading Limited,Unknown,Unknown,0,BSE
SHIVA,Shivansh Finserve Limited,Unknown,Unknown,25584000,BSE
MISHTANN,Mishtann Foods Limited,Unknown,Unknown,7469999616,BSE
DELTA,Delta Industrial Resources Limited,Unknown,Unknown,104947776,BSE
CGFL,Unknown,Unknown,Unknown,0,BSE
KEL,Kotia Enterprises Limited,Unknown,Unknown,217284480,BSE
BLUECLOUDS,Blue Cloud Softech Solutions Limited,Unknown,Unknown,0,BSE
KEIL,Nasdaq BRIC Consumer Staples In,Unknown,Unknown,0,BSE
BCLENTERPR,BCL Enterprises Limited,Unknown,Unknown,5655100,BSE
PRECAM,Precision Camshafts Limited,Auto Parts,Consumer Cyclical,23843344384,BSE
TEAMLEASE,TeamLease Services Limited,Staffing & Employment Services,Industrials,52481900544,BSE
VIDLI,Vidli Restaurants Limited,Unknown,Unknown,350426912,BSE
BESTAGRO,Best Agrolife Limited,Agricultural Inputs,Basic Materials,13594520576,BSE
ACEMEN,Ace Men Engg Works Limited,Unknown,Unknown,227584816,BSE
BFLAFL,BFL Asset Finvest Limited,Unknown,Unknown,0,BSE
RGF,Unknown,Unknown,Unknown,0,BSE
RCL,Radhagobind Commercial Limited,Unknown,Unknown,3436720,BSE
QUICKHEAL,Quick Heal Technologies Limited,Software—Application,Technology,35217010688,BSE
KAPILRAJ,Kapil Raj Finance Limited,Unknown,Unknown,319810816,BSE
GANGAPHARM,Ganga Pharmaceuticals Limited,Unknown,Unknown,0,BSE
DAL,Unknown,Unknown,Unknown,0,BSE
LUCENT,Unknown,Unknown,Unknown,0,BSE
SHIVKAMAL,Unknown,Unknown,Unknown,0,BSE
KPEL,K.P. Energy Limited,Unknown,Unknown,5327419392,BSE
RGCORP,Unknown,Unknown,Unknown,0,BSE
IFINSER,Interactive Financial Services Limited,Unknown,Unknown,116335792,BSE
HILIKS,Unknown,Unknown,Unknown,0,BSE
GOKULAGRO,Gokul Agro Resources Limited,Packaged Foods,Consumer Defensive,40552198144,BSE
FREDUN,Fredun Pharmaceuticals Limited,Unknown,Unknown,3042890752,BSE
SIMBHALS,Simbhaoli Sugars Limited,Confectioners,Consumer Defensive,1089765632,BSE
RELICAB,Relicab Cable Manufacturing Limited,Unknown,Unknown,769718016,BSE
VKAL,Vantage Knowledge Academy Limited,Unknown,Unknown,0,BSE
MEAPL,Unknown,Unknown,Unknown,0,BSE
MNIL,Mega Nirman & Industries Limited,Unknown,Unknown,79168376,BSE
DARJEELING,Darjeeling Ropeway Company Limited,Unknown,Unknown,41114000,BSE
ADVIKCA,Advik Capital Limited,Unknown,Unknown,128446080,BSE
LICNFNHGP,LIC MF ETF Nifty 100,Unknown,Unknown,0,BSE
PDMJEPAPER,Pudumjee Paper Products Limited,Paper & Paper Products,Basic Materials,10667632640,BSE
HCG,HealthCare Global Enterprises Limited,Medical Care Facilities,Healthcare,58094178304,BSE
KDML,Unknown,Unknown,Unknown,0,BSE
UMIYA,Umiya Tubes Limited,Unknown,Unknown,127385288,BSE
BHARATWIRE,Bharat Wire Ropes Limited,Steel,Basic Materials,18683127808,BSE
CHDCHEM,Chd Chemicals Limited,Unknown,Unknown,65810244,BSE
INFIBEAM,Infibeam Avenues Limited,Software—Infrastructure,Technology,81318100992,BSE
LELAVOIR,Unknown,Unknown,Unknown,0,BSE
MUDRA,Unknown,Unknown,Unknown,0,BSE
BALGOPAL,Unknown,Unknown,Unknown,0,BSE
SUPERIOR,Superior Finlease Limited,Unknown,Unknown,4291430,BSE
RPEL,Raghav Productivity Enhancers Limited,Chemicals,Basic Materials,25483124736,BSE
FRANKLIN,Franklin Leasing and Finance Limited,Unknown,Unknown,0,BSE
LANCER,Lancer Container Lines Limited,Unknown,Unknown,393139136,BSE
NINSYS,NINtec Systems Limited,Information Technology Services,Technology,10982131712,BSE
HALDER,Halder Venture Limited,Unknown,Unknown,2734005504,BSE
THYROCARE,Thyrocare Technologies Limited,Diagnostics & Research,Healthcare,43849793536,BSE
BAJAJHCARE,Bajaj HealthCare Limited,Drug Manufacturers—Specialty & Generic,Healthcare,12080612352,BSE
RSDFIN,RSD Finance Limited,Unknown,Unknown,1877242496,BSE
CROMPTON,Crompton Greaves Consumer Electricals Limited,"Furnishings, Fixtures & Appliances",Consumer Cyclical,278088777728,BSE
PILANIINVS,Pilani Investment and Industries Corporation Limited,Asset Management,Financial Services,62328733696,BSE
DARSHANORNA,Darshan Orna Limited,Unknown,Unknown,541632000,BSE
PARAGMILK,Parag Milk Foods Limited,Packaged Foods,Consumer Defensive,23905560576,BSE
MADHAVIPL,Madhav Infra Projects Limited,Unknown,Unknown,4276462080,BSE
SNIM,Svarnim Trade Udyog Limited,Unknown,Unknown,0,BSE
NAGAFERT,Unknown,Agricultural Inputs,Basic Materials,6668424704,BSE
SEIL,Shanti Educational Initiatives Limited,Unknown,Unknown,3178139904,BSE
LIKHAMI,Likhami Consulting Limited,Unknown,Unknown,0,BSE
MIL,Unknown,Unknown,Unknown,0,BSE
YASHCHEM,Yash Chemex Limited,Unknown,Unknown,545973184,BSE
NV20IETF,Unknown,Unknown,Unknown,0,BSE
BAZELINTER,Bazel International Limited,Unknown,Unknown,0,BSE
JLL,Jindal Leasefin Limited,Unknown,Unknown,141418304,BSE
TAALENT,TAAL Enterprises Limited,Unknown,Unknown,8886710272,BSE
MGL,Mahanagar Gas Limited,Utilities—Regulated Gas,Utilities,189179133952,BSE
ZEAL,Zeal Aqua Limited,Unknown,Unknown,161616608,BSE
QUESS,Quess Corp Limited,Staffing & Employment Services,Industrials,114828443648,BSE
DIGJAMLMTD,Unknown,Unknown,Unknown,0,BSE
MIDSELIETF,Unknown,Unknown,Unknown,0,BSE
HUIL,Hindusthan Urban Infrastructure Limited,Unknown,Unknown,3867712000,BSE
TITAANIUM,Titaanium Ten Enterprise Limited,Unknown,Unknown,228432912,BSE
COMSYN,Commercial Syn Bags Limited,Packaging & Containers,Consumer Cyclical,2634847488,BSE
CFEL,Unknown,Unknown,Unknown,0,BSE
LLOYDSENGG,Lloyds Engineering Works Limited,Specialty Industrial Machinery,Industrials,91669086208,BSE
KPL,Kwality Pharmaceuticals Limited,Unknown,Unknown,8241296896,BSE
LTIM,LTIMindtree Limited,Information Technology Services,Technology,1856999391232,BSE
EASTWEST,Unknown,Unknown,Unknown,0,BSE
BSLSENETFG,Aditya Birla Sun Life Sensex ETF,Unknown,Unknown,0,BSE
COLORCHIPS,Unknown,Unknown,Unknown,0,BSE
ADVENZYMES,Advanced Enzyme Technologies Limited,Specialty Chemicals,Basic Materials,58394722304,BSE
LAHL,Ladam Affordable Housing Limited,Unknown,Unknown,143874160,BSE
DBL,Dilip Buildcon Limited,Engineering & Construction,Industrials,77494059008,BSE
SPAL,S.P. Apparels Limited,Apparel Manufacturing,Consumer Cyclical,24013619200,BSE
BIGBLOC,Bigbloc Construction Limited,Building Products & Equipment,Industrials,16592706560,BSE
GOLDENCREST,Unknown,Unknown,Unknown,0,BSE
ECS,ECS Biztech Limited,Unknown,Unknown,0,BSE
RBLBANK,RBL Bank Limited,Banks—Regional,Financial Services,123480973312,BSE
AMS,Unknown,Unknown,Unknown,0,BSE
SHIVAEXPO,Unknown,Unknown,Unknown,0,BSE
BLS,BLS International Services Limited,Specialty Business Services,Industrials,154266664960,BSE
MITSU,Mitsu Chem Plast Limited,Unknown,Unknown,1655757056,BSE
SPRAYKING,Sprayking Agro Equipment Limited,Unknown,Unknown,0,BSE
DHATRE,Unknown,Unknown,Unknown,0,BSE
SABEVENTS,Unknown,Publishing,Communication Services,112070752,BSE
RSTL,Riddhi Steel and Tube Limited,Unknown,Unknown,0,BSE
TVVISION,TV Vision Limited,Broadcasting,Communication Services,531961952,BSE
VISCO,Visco Trade Associates Limited,Unknown,Unknown,0,BSE
LTTS,L&T Technology Services Limited,Information Technology Services,Technology,565768159232,BSE
GNA,G N A Axles Limited,Auto Parts,Consumer Cyclical,19265183744,BSE
RADHIKAJWE,Radhika Jeweltech Limited,Luxury Goods,Consumer Cyclical,17422698496,BSE
SIIL,Unknown,Unknown,Unknown,0,BSE
ICICIPRULI,ICICI Prudential Life Insurance Company Limited,Insurance—Life,Financial Services,1109162459136,BSE
IISL,Ishaan Infrastructures and Shelters Limited,Unknown,Unknown,51667308,BSE
ARCFIN,ARC Finance Limited,Unknown,Unknown,145930560,BSE
HPL,HPL Electric & Power Limited,Electrical Equipment & Parts,Industrials,36423020544,BSE
SAGARSOFT,Sagarsoft (India) Limited,Unknown,Unknown,1221254016,BSE
DRA,DRA Consultants Limited,Unknown,Unknown,535994208,BSE
VALIANTORG,Valiant Organics Limited,Chemicals,Basic Materials,11323869184,BSE
ACML,Aditya Consumer Marketing Limited,Unknown,Unknown,1039592256,BSE
SHASHIJIT,Shashijit Infraprojects Limited,Unknown,Unknown,37134960,BSE
BINDALEXPO,Unknown,Unknown,Unknown,0,BSE
DIKSAT,Unknown,Unknown,Unknown,0,BSE
ENDURANCE,Endurance Technologies Limited,Auto Parts,Consumer Cyclical,337034903552,BSE
IDFSENSEXE,IDFC Sensex ETF,Unknown,Unknown,0,BSE
PURPLE,Purple Entertainment Limited,Unknown,Unknown,43316260,BSE
SUPRAPFSL,Unknown,Unknown,Unknown,0,BSE
PNBHOUSING,PNB Housing Finance Limited,Mortgage Finance,Financial Services,253087088640,BSE
SOUTHERNIN,Southern Infosys Limited,Unknown,Unknown,112397800,BSE
REGENCY,Regency Investments Limited,Unknown,Unknown,110083720,BSE
VBL,Varun Beverages Limited,Beverages—Non-Alcoholic,Consumer Defensive,1989454987264,BSE
SALEM,Salem Erode Investments Limited,Unknown,Unknown,0,BSE
FRANKLININD,Franklin Industries Limited,Unknown,Unknown,8495250,BSE
LKPSEC,LKP Securities Limited,Unknown,Unknown,1801788800,BSE
OSIAJEE,Osiajee Texfab Limited,Unknown,Unknown,257850000,BSE
CMBL,Unknown,Unknown,Unknown,0,BSE
SFL,Sheela Foam Limited,"Furnishings, Fixtures & Appliances",Consumer Cyclical,99376234496,BSE
EIKO,Unknown,Unknown,Unknown,0,BSE
AVL,Aditya Vision Limited,Unknown,Unknown,5996207104,BSE
HEADSUP,Heads UP Ventures Limited,Apparel Retail,Consumer Cyclical,318431104,BSE
TCIEXP,TCI Express Limited,Integrated Freight & Logistics,Industrials,41588568064,BSE
SHASHANK,Unknown,Unknown,Unknown,0,BSE
LAURUSLABS,Laurus Labs Limited,Drug Manufacturers—Specialty & Generic,Healthcare,252569026560,BSE
NEWLIGHT,New Light Apparels Limited,Unknown,Unknown,151935200,BSE
VSL,Unknown,Unknown,Unknown,0,BSE
MTPL,Marg Techno-Projects Limited,Unknown,Unknown,199500000,BSE
SHANGAR,Shangar Décor Limited,Unknown,Unknown,97678392,BSE
GLCL,Globe Commercials Limited,Unknown,Unknown,101073680,BSE
FLORACORP,Flora Corporation Limited,Unknown,Unknown,0,BSE
TRU,TruCap Finance Limited,Credit Services,Financial Services,3632051968,BSE
SKL,Super Fine Knitters Limited,Unknown,Unknown,0,BSE
RAIDEEPIND,Unknown,Unknown,Unknown,0,BSE
PRICOLLTD,Pricol Limited,Auto Parts,Consumer Cyclical,57607053312,BSE
CFL,Classic Filaments Limited,Unknown,Unknown,0,BSE
JITFINFRA,JITF Infralogistics Limited,Engineering & Construction,Industrials,22905851904,BSE
SUERYAAKNI,Unknown,Unknown,Unknown,0,BSE
TANVI,Tanvi Foods (India) Limited,Unknown,Unknown,0,BSE
RMC,RMC Switchgears Limited,Unknown,Unknown,5334025728,BSE
PARMAX,Parmax Pharma Limited,Unknown,Unknown,165739584,BSE
LLFICL,Leading Leasing Finance And Investment Company Limited,Unknown,Unknown,39158900,BSE
DANUBE,Danube Industries Limited,Unknown,Unknown,73815000,BSE
RADIOCITY,Music Broadcast Limited,Broadcasting,Communication Services,5600113664,BSE
DMART,Avenue Supermarts Limited,Discount Stores,Consumer Defensive,3224219418624,BSE
IFL,IFL Enterprises Limited,Unknown,Unknown,0,BSE
ONTIC,Ontic Finserve Limited,Unknown,Unknown,4770158,BSE
SMLT,Sarthak Metals Limited,Metal Fabrication,Industrials,2611329280,BSE
CHEMCRUX,Chemcrux Enterprises Limited,Unknown,Unknown,1033657024,BSE
MANOMAY,Manomay Tex India Limited,Textile Manufacturing,Consumer Cyclical,4088030464,BSE
MAXIMUS,Maximus International Limited,Unknown,Unknown,224033040,BSE
MANAS,Unknown,Unknown,Unknown,0,BSE
CLEDUCATE,CL Educate Limited,Education & Training Services,Consumer Defensive,6188845568,BSE
PRIMEFRESH,Unknown,Unknown,Unknown,0,BSE
OCEANIC,Unknown,Unknown,Unknown,0,BSE
OCTAWARE,Unknown,Unknown,Unknown,0,BSE
SHANKARA,Shankara Building Products Limited,Home Improvement Retail,Consumer Cyclical,12687234048,BSE
ESCORP,Unknown,Unknown,Unknown,0,BSE
PARMSILK,Unknown,Unknown,Unknown,0,BSE
KMSMEDI,Unknown,Unknown,Unknown,0,BSE
CLFL,Classic Leasing & Finance Limited,Unknown,Unknown,61774120,BSE
STARLENT,Unknown,Unknown,Unknown,0,BSE
SCHAND,S Chand And Company Limited,Publishing,Communication Services,7658023424,BSE
KANUNGO,Kanungo Financiers Limited,Unknown,Unknown,43605940,BSE
MEERA,Meera Industries Limited,Unknown,Unknown,1273980928,BSE
HUDCO,Housing and Urban Development Corporation Limited,Credit Services,Financial Services,472328404992,BSE
PSPPROJECT,PSP Projects Limited,Engineering & Construction,Industrials,26092232704,BSE
BGJL,Bhakti Gems and Jewellery Limited,Unknown,Unknown,194409952,BSE
YUG,Yug Decor Limited,Unknown,Unknown,160536144,BSE
VARIMAN,Unknown,Unknown,Unknown,0,BSE
STARCEMENT,Star Cement Limited,Building Materials,Basic Materials,86474309632,BSE
RIDDHICORP,Riddhi Corporate Services Limited,Unknown,Unknown,818544960,BSE
TEJASNET,Tejas Networks Limited,Communication Equipment,Technology,202704502784,BSE
ERIS,Eris Lifesciences Limited,Drug Manufacturers—Specialty & Generic,Healthcare,180068237312,BSE
CONTAINER,Containerway International Limited,Unknown,Unknown,0,BSE
GTPL,GTPL Hathway Limited,Entertainment,Communication Services,18657611776,BSE
AUBANK,AU Small Finance Bank Limited,Banks—Regional,Financial Services,545049804800,BSE
LOWVOLIETF,Unknown,Unknown,Unknown,0,BSE
GEL,Unknown,Unknown,Unknown,0,BSE
GGENG,G G Engineering Limited,Unknown,Unknown,18454900,BSE
7NR,JPY/KMF,Unknown,Unknown,62951748,BSE
SALASAR,Salasar Techno Engineering Limited,Steel,Basic Materials,34034636800,BSE
GANGESSECU,Unknown,Packaged Foods,Consumer Defensive,1740143616,BSE
PALASHSECU,Unknown,Packaged Foods,Consumer Defensive,1706528896,BSE
AVADHSUGAR,Avadh Sugar & Energy Limited,Confectioners,Consumer Defensive,16338017280,BSE
MAGADSUGAR,Unknown,Confectioners,Consumer Defensive,12826878976,BSE
JIGAR,Jigar Cables Limited,Unknown,Unknown,632880000,BSE
CTCL,Captain Technocast Limited,Unknown,Unknown,3032369920,BSE
GSTL,GlobalSpace Technologies Limited,Unknown,Unknown,213894720,BSE
UTINEXT50,UTI Mutual Fund - UTI-Nifty Next 50 Exchange Traded Fund,Unknown,Unknown,0,BSE
SIS,SIS Limited,Security & Protection Services,Industrials,59730210816,BSE
COCHINSHIP,Cochin Shipyard Limited,Aerospace & Defense,Industrials,448895123456,BSE
SMSLIFE,SMS Lifesciences India Limited,Biotechnology,Healthcare,4389212672,BSE
KIOCL,KIOCL Limited,Steel,Basic Materials,238785347584,BSE
CHOTHANI,Unknown,Unknown,Unknown,0,BSE
SMRUTHIORG,Smruthi Organics Limited,Unknown,Unknown,549421952,BSE
ABCAPITAL,Aditya Birla Capital Limited,Financial Conglomerates,Financial Services,629833465856,BSE
APEX,Apex Frozen Foods Limited,Farm Products,Consumer Defensive,7745312768,BSE
SHISHIND,Shish Industries Limited,Unknown,Unknown,486380736,BSE
ANG,ANG Lifesciences India Limited,Unknown,Unknown,259684320,BSE
KCDGROUP,ESTX INSUR. 30-15 NR EUR,Unknown,Unknown,0,BSE
DIXON,Dixon Technologies (India) Limited,Consumer Electronics,Technology,849673781248,BSE
BRNL,Bharat Road Network Limited,Infrastructure Operations,Industrials,3981748480,BSE
DCAL,Dishman Carbogen Amcis Limited,Biotechnology,Healthcare,28636416000,BSE
LASA,Lasa Supergenerics Limited,Drug Manufacturers—Specialty & Generic,Healthcare,1420870016,BSE
PROCLB,Unknown,Unknown,Unknown,0,BSE
MATRIMONY,Matrimony.com Limited,Internet Content & Information,Communication Services,16771018752,BSE
CAPACITE,Capacit'e Infraprojects Limited,Engineering & Construction,Industrials,32542928896,BSE
SAGAR,Sagar Diamonds Limited,Unknown,Unknown,303324768,BSE
ICICIGI,ICICI Lombard General Insurance Company Limited,Insurance—Diversified,Financial Services,1066828038144,BSE
PQIF,Polo Queen Industrial and Fintech Limited,Unknown,Unknown,2925725440,BSE
AAYUSHBULL,Unknown,Unknown,Unknown,0,BSE
SBILIFE,SBI Life Insurance Company Limited,Insurance—Life,Financial Services,1837270827008,BSE
DIAMONDYD,Prataap Snacks Limited,Packaged Foods,Consumer Defensive,25628094464,BSE
SHAREINDIA,Share India Securities Limited,Capital Markets,Financial Services,71281565696,BSE
TTFL,Trident Texofab Limited,Unknown,Unknown,467554752,BSE
POOJA,Poojawestern Metaliks Limited,Unknown,Unknown,422921408,BSE
SAYAJIIND,Sayaji Industries Limited,Unknown,Unknown,1473192064,BSE
VANTABIO,Vanta Bioscience Limited,Unknown,Unknown,305816416,BSE
MEHAI,Mehai Technology Limited,Unknown,Unknown,1012202112,BSE
IRIS,IRIS Business Services Limited,Software—Application,Technology,6894953472,BSE
SGRL,Shree Ganesh Remedies Limited,Unknown,Unknown,8158217728,BSE
STL,Shreeji Translogistics Limited,Unknown,Unknown,241202320,BSE
GODREJAGRO,Godrej Agrovet Limited,Farm Products,Consumer Defensive,142003961856,BSE
MASFIN,MAS Financial Services Limited,Credit Services,Financial Services,52294754304,BSE
IEX,Indian Energy Exchange Limited,Capital Markets,Financial Services,185270452224,BSE
GICRE,General Insurance Corporation of India,Insurance—Reinsurance,Financial Services,691847626752,BSE
KAARYAFSL,Unknown,Unknown,Unknown,0,BSE
SCPL,Sheetal Cool Products Limited,Packaged Foods,Consumer Defensive,3875024896,BSE
TIINDIA,Tube Investments of India Limited,Conglomerates,Industrials,840125120512,BSE
NAM-INDIA,Nippon Life India Asset Management Limited,Asset Management,Financial Services,433697882112,BSE
MAHLOG,Mahindra Logistics Limited,Integrated Freight & Logistics,Industrials,34879561728,BSE
NIACL,The New India Assurance Company Limited,Insurance—Diversified,Financial Services,382171185152,BSE
IFGLEXPOR,IFGL Refractories Limited,Building Materials,Basic Materials,22245257216,BSE
KHADIM,Khadim India Limited,Footwear & Accessories,Consumer Cyclical,6921305600,BSE
5PAISA,5paisa Capital Limited,Capital Markets,Financial Services,17193367552,BSE
HDFCLIFE,HDFC Life Insurance Company Limited,Insurance—Life,Financial Services,1528768626688,BSE
SBRANDS,Sanghvi Brands Limited,Unknown,Unknown,208318000,BSE
SHARIKA,Sharika Enterprises Limited,Unknown,Unknown,231546736,BSE
ICICIB22,Unknown,Unknown,Unknown,0,BSE
ASPIRA,Aspira Pathlab & Diagnostics Limited,Unknown,Unknown,402665696,BSE
DNAMEDIA,Diligent Media Corporation Limited,Publishing,Communication Services,641508608,BSE
DYCL,Unknown,Electrical Equipment & Parts,Industrials,13123801088,BSE
RATNABHUMI,Ratnabhumi Developers Limited,Unknown,Unknown,2115964928,BSE
SHALBY,Shalby Limited,Medical Care Facilities,Healthcare,30103359488,BSE
FSC,Future Supply Chain Solutions Limited,Integrated Freight & Logistics,Industrials,106637152,BSE
MRCAGRO,Unknown,Unknown,Unknown,0,BSE
DML,Diggi Multitrade Limited,Unknown,Unknown,174872416,BSE
SADHNA,Sadhna Broadcast Limited,Unknown,Unknown,33889572,BSE
ASTRON,Astron Paper & Board Mill Limited,Paper & Paper Products,Basic Materials,1004865024,BSE
CHANDRIMA,Chandrima Mercantiles Limited,Unknown,Unknown,87081000,BSE
RITHWIKFMS,Unknown,Unknown,Unknown,0,BSE
JFL,Unknown,Unknown,Unknown,0,BSE
7SEASL,Unknown,Unknown,Unknown,0,BSE
APOLLO,Apollo Micro Systems Limited,Aerospace & Defense,Industrials,31629764608,BSE
NEWGEN,Newgen Software Technologies Limited,Software—Infrastructure,Technology,184274354176,BSE
PRAXIS,Praxis Home Retail Limited,Specialty Retail,Consumer Cyclical,3374625280,BSE
AMBER,Amber Enterprises India Limited,"Furnishings, Fixtures & Appliances",Consumer Cyclical,163603038208,BSE
CRPRISK,Unknown,Unknown,Unknown,0,BSE
TIRUFOAM,Unknown,Unknown,Unknown,0,BSE
SRUSTEELS,SRU Steels Limited,Unknown,Unknown,0,BSE
ASHOKAMET,Ashoka Metcast Limited,Steel,Basic Materials,532664736,BSE
GALAXYSURF,Galaxy Surfactants Limited,Specialty Chemicals,Basic Materials,108069781504,BSE
GGL,Gautam Gems Limited,Unknown,Unknown,85369000,BSE
MEDICO,Medico Remedies Limited,Drug Manufacturers—Specialty & Generic,Healthcare,4316827648,BSE
GUJHYSPIN,Gujarat Hy-Spin Limited,Unknown,Unknown,0,BSE
LAL,Lorenzini Apparels Limited,Apparel Manufacturing,Consumer Cyclical,4919549440,BSE
KENVI,Kenvi Jewels Limited,Unknown,Unknown,0,BSE
IWP,The Indian Wood Products Company Limited,Unknown,Unknown,2185947136,BSE
TDSL,Tasty Dairy Specialities Limited,Unknown,Unknown,271923296,BSE
BHATIA,Bhatia Communications & Retail (India) Limited,Unknown,Unknown,426017408,BSE
SHIVAMILLS,Shiva Mills Limited,Textile Manufacturing,Consumer Cyclical,799799552,BSE
ASTERDM,Aster DM Healthcare Limited,Medical Care Facilities,Healthcare,207994454016,BSE
YSL,Unknown,Unknown,Unknown,0,BSE
KANCOTEA,Unknown,Unknown,Unknown,0,BSE
ANGEL,Unknown,Unknown,Unknown,0,BSE
HGINFRA,H.G. Infra Engineering Limited,Engineering & Construction,Industrials,101181390848,BSE
INFLAME,Unknown,Unknown,Unknown,0,BSE
BPLPHARMA,Unknown,Unknown,Unknown,0,BSE
SHREESHAY,Unknown,Unknown,Unknown,0,BSE
ACFL,Unknown,Unknown,Unknown,0,BSE
BDL,Bharat Dynamics Limited,Aerospace & Defense,Industrials,413500276736,BSE
ACTIVE,Unknown,Unknown,Unknown,0,BSE
GOYALALUM,Goyal Aluminiums Limited,Aluminum,Basic Materials,1521533696,BSE
BANDHANBNK,Bandhan Bank Limited,Banks—Regional,Financial Services,314783531008,BSE
HAL,Hindustan Aeronautics Limited,Aerospace & Defense,Industrials,2959563292672,BSE
KBCGLOBAL,KBC Global Limited,Real Estate—Development,Real Estate,2237920768,BSE
SANDHAR,Sandhar Technologies Limited,Auto Parts,Consumer Cyclical,33869307904,BSE
YASHO,Yasho Industries Limited,Specialty Chemicals,Basic Materials,22718605312,BSE
BENARA,Unknown,Unknown,Unknown,0,BSE
ISEC,ICICI Securities Limited,Capital Markets,Financial Services,288852246528,BSE
MIDHANI,Mishra Dhatu Nigam Limited,Steel,Basic Materials,73737027584,BSE
LEX,Unknown,Unknown,Unknown,0,BSE
OBCL,Orissa Bengal Carrier Limited,Trucking,Industrials,1204671232,BSE
TRL,Unknown,Unknown,Unknown,0,BSE
LEMONTREE,Lemon Tree Hotels Limited,Lodging,Consumer Cyclical,96362422272,BSE
CHEMFAB,Unknown,Specialty Chemicals,Basic Materials,14960214016,BSE
HARDWYN,Hardwyn India Limited,Building Products & Equipment,Industrials,14384363520,BSE
DLCL,Unknown,Unknown,Unknown,0,BSE
ORIENTELEC,Orient Electric Limited,"Furnishings, Fixtures & Appliances",Consumer Cyclical,51474546688,BSE
DHRUV,Dhruv Consultancy Services Limited,Engineering & Construction,Industrials,2309183488,BSE
AKSHAR,Akshar Spintex Limited,Textile Manufacturing,Consumer Cyclical,730609984,BSE
INDOUS,Unknown,Unknown,Unknown,0,BSE
BSE500IETF,Unknown,Unknown,Unknown,0,BSE
INDOSTAR,IndoStar Capital Finance Limited,Credit Services,Financial Services,41211527168,BSE
MILEFUR,Unknown,Unknown,Unknown,0,BSE
UHZAVERI,Unknown,Unknown,Unknown,0,BSE
PARVATI,Unknown,Unknown,Unknown,0,BSE
MEGASTAR,Megastar Foods Limited,Packaged Foods,Consumer Defensive,3134795520,BSE
INNOVATORS,Unknown,Unknown,Unknown,0,BSE
UCIL,Unknown,Unknown,Unknown,0,BSE
ZIMLAB,ZIM Laboratories Limited,Drug Manufacturers—Specialty & Generic,Healthcare,5379328512,BSE
AFFORDABLE,Unknown,Unknown,Unknown,0,BSE
DOLLAR,Dollar Industries Limited,Apparel Manufacturing,Consumer Cyclical,30051024896,BSE
NGIL,Nakoda Group of Industries Limited,Packaged Foods,Consumer Defensive,868596288,BSE
PALMJEWELS,Unknown,Unknown,Unknown,0,BSE
WAA,Unknown,Unknown,Unknown,0,BSE
ADANIGREEN,Adani Green Energy Limited,Utilities—Renewable,Utilities,2984787836928,BSE
UNICK,Unknown,Unknown,Unknown,0,BSE
SOLARA,Solara Active Pharma Sciences Limited,Drug Manufacturers—Specialty & Generic,Healthcare,33959335936,BSE
GAYAHWS,Gayatri Highways Limited,Infrastructure Operations,Industrials,301961504,BSE
RITES,RITES Limited,Engineering & Construction,Industrials,160593821696,BSE
FINEORG,Fine Organic Industries Limited,Specialty Chemicals,Basic Materials,163578757120,BSE
VARROC,Varroc Engineering Limited,Auto Parts,Consumer Cyclical,90273603584,BSE
RAJNISH,Unknown,Unknown,Unknown,0,BSE
STRAEXPO,Unknown,Unknown,Unknown,0,BSE
RAWEDGE,Unknown,Unknown,Unknown,0,BSE
SUPERSHAKT,Unknown,Unknown,Unknown,0,BSE
ASHNI,Unknown,Unknown,Unknown,0,BSE
RACONTEUR,Unknown,Unknown,Unknown,0,BSE
HDFCAMC,HDFC Asset Management Company Limited,Asset Management,Financial Services,932455251968,BSE
VIVANTA,Unknown,Unknown,Unknown,0,BSE
FRATELLI,Unknown,Unknown,Unknown,0,BSE
CREDITACC,CreditAccess Grameen Limited,Credit Services,Financial Services,190877220864,BSE
AMINTAN,Unknown,Unknown,Unknown,0,BSE
DEEP,Unknown,Unknown,Unknown,0,BSE
SMEL,Unknown,Unknown,Unknown,0,BSE
NEXT50IETF,Unknown,Unknown,Unknown,0,BSE
ASRL,Unknown,Unknown,Unknown,0,BSE
SPACEINCUBA,Unknown,Unknown,Unknown,0,BSE
SGIL,Synergy Green Industries Limited,Metal Fabrication,Industrials,6203321856,BSE
RANJEET,Unknown,Unknown,Unknown,0,BSE
IRCON,Ircon International Limited,Engineering & Construction,Industrials,211766444032,BSE
SKYGOLD,Sky Gold Limited,Luxury Goods,Consumer Cyclical,36509253632,BSE
SETFSN50,Unknown,Unknown,Unknown,0,BSE
MANORAMA,Manorama Industries Limited,Packaged Foods,Consumer Defensive,49276452864,BSE
INNOVATIVE,Unknown,Unknown,Unknown,0,BSE
AAVAS,Aavas Financiers Limited,Mortgage Finance,Financial Services,146328862720,BSE
GRSE,Garden Reach Shipbuilders & Engineers Limited,Aerospace & Defense,Industrials,195603267584,BSE
AAL,Unknown,Unknown,Unknown,0,BSE
DOLFIN,Unknown,Unknown,Unknown,0,BSE
SHUBHAM,Unknown,Unknown,Unknown,0,BSE
AKI,AKI India Limited,Footwear & Accessories,Consumer Cyclical,1882194560,BSE
SUNRETAIL,Unknown,Unknown,Unknown,0,BSE
SMGOLD,Unknown,Unknown,Unknown,0,BSE
VIVIDM,Unknown,Unknown,Unknown,0,BSE
BCPL,Unknown,Unknown,Unknown,0,BSE
ATGL,Adani Total Gas Limited,Utilities—Regulated Gas,Utilities,864615727104,BSE
PHOSPHATE,Unknown,Unknown,Unknown,0,BSE
NIFTYETF,Unknown,Unknown,Unknown,0,BSE
TECHNOE,Techno Electric & Engineering Company Limited,Engineering & Construction,Industrials,183242276864,BSE
RONI,Unknown,Unknown,Unknown,0,BSE
SKIFL,Unknown,Unknown,Unknown,0,BSE
DGL,Unknown,Unknown,Unknown,0,BSE
ARYAN,Unknown,Unknown,Unknown,0,BSE
NIVAKA,Unknown,Unknown,Unknown,0,BSE
DALBHARAT,Dalmia Bharat Limited,Building Materials,Basic Materials,366975156224,BSE
ABSLNN50ET,Unknown,Unknown,Unknown,0,BSE
NILASPACES,Nila Spaces Limited,Real Estate—Development,Real Estate,4734545920,BSE
SRD,Unknown,Unknown,Unknown,0,BSE
TREJHARA,Trejhara Solutions Limited,Software—Application,Technology,4228598016,BSE
DECCAN,Unknown,Unknown,Unknown,0,BSE
AXITA,Axita Cotton Limited,Textile Manufacturing,Consumer Cyclical,5710432768,BSE
KPIGREEN,KPI Green Energy Limited,Utilities—Renewable,Utilities,112148545536,BSE
HIKLASS,Unknown,Unknown,Unknown,0,BSE
RPSGVENT,RPSG Ventures Limited,Information Technology Services,Technology,35963260928,BSE
SPENCERS,Unknown,Department Stores,Consumer Cyclical,9658288128,BSE
GLOSTERLTD,Gloster Limited,Textile Manufacturing,Consumer Cyclical,8214040576,BSE
XELPMOC,Xelpmoc Design and Tech Limited,Information Technology Services,Technology,1769372416,BSE
SPACAPS,Unknown,Unknown,Unknown,0,BSE
AARSHYAM,Unknown,Unknown,Unknown,0,BSE
RITCO,Ritco Logistics Limited,Integrated Freight & Logistics,Industrials,8979743744,BSE
CHALET,Chalet Hotels Limited,Lodging,Consumer Cyclical,188924657664,BSE
ANMOL,Anmol India Limited,Thermal Coal,Energy,1751249920,BSE
JONJUA,Unknown,Unknown,Unknown,0,BSE
KRANTI,Unknown,Unknown,Unknown,0,BSE
ANUP,The Anup Engineering Limited,Specialty Industrial Machinery,Industrials,46612828160,BSE
GLEAM,Unknown,Unknown,Unknown,0,BSE
ARVINDFASN,Arvind Fashions Limited,Apparel Manufacturing,Consumer Cyclical,79972450304,BSE
UTISXN50,Unknown,Unknown,Unknown,0,BSE
JYOTIN,Unknown,Unknown,Unknown,0,BSE
AGOL,Unknown,Unknown,Unknown,0,BSE
AARTECH,Aartech Solonics Limited,Electrical Equipment & Parts,Industrials,2273807616,BSE
HBEL,Unknown,Unknown,Unknown,0,BSE
MSTCLTD,Unknown,Conglomerates,Industrials,47773437952,BSE
ROOPSHRI,Unknown,Unknown,Unknown,0,BSE
CHANDNIMACH,Unknown,Unknown,Unknown,0,BSE
NSL,Unknown,Unknown,Unknown,0,BSE
RVNL,Rail Vikas Nigam Limited,Engineering & Construction,Industrials,1094010011648,BSE
METROPOLIS,Metropolis Healthcare Limited,Diagnostics & Research,Healthcare,115329466368,BSE
KPITTECH,KPIT Technologies Limited,Information Technology Services,Technology,453568167936,BSE
POLYCAB,Polycab India Limited,Electrical Equipment & Parts,Industrials,1101036257280,BSE
VRFILMS,Unknown,Unknown,Unknown,0,BSE
VIKASLIFE,Vikas Lifecare Limited,Farm Products,Consumer Defensive,9280601088,BSE
NEOGEN,Neogen Chemicals Limited,Specialty Chemicals,Basic Materials,57382838272,BSE
GKP,Unknown,Unknown,Unknown,0,BSE
WORL,Unknown,Unknown,Unknown,0,BSE
EVANS,Unknown,Unknown,Unknown,0,BSE
BMW,Unknown,Unknown,Unknown,0,BSE
AEPL,Unknown,Unknown,Unknown,0,BSE
CHCL,Unknown,Unknown,Unknown,0,BSE
DEL,Unknown,Unknown,Unknown,0,BSE
HARISH,Unknown,Unknown,Unknown,0,BSE
PPL,Prakash Pipes Limited,Building Products & Equipment,Industrials,14012594176,BSE
DGCONTENT,Digicontent Limited,Internet Content & Information,Communication Services,2376597504,BSE
PARSHVA,Unknown,Unknown,Unknown,0,BSE
ARL,Unknown,Unknown,Unknown,0,BSE
MURAE,Unknown,Unknown,Unknown,0,BSE
SBC,SBC Exports Limited,Conglomerates,Industrials,10831734784,BSE
INDIAMART,IndiaMART InterMESH Limited,Internet Content & Information,Communication Services,179598213120,BSE
CPML,Unknown,Unknown,Unknown,0,BSE
SKIEL,Unknown,Unknown,Unknown,0,BSE
DCMNVL,DCM Nouvelle Limited,Textile Manufacturing,Consumer Cyclical,4027867392,BSE
BANKIETF,Unknown,Unknown,Unknown,0,BSE
SNXT50BEES,Unknown,Unknown,Unknown,0,BSE
AFFLE,Affle (India) Limited,Advertising Agencies,Communication Services,224143015936,BSE
SEACOAST,Unknown,Unknown,Unknown,0,BSE
PVTBANIETF,Unknown,Unknown,Unknown,0,BSE
SPANDANA,Spandana Sphoorty Financial Limited,Credit Services,Financial Services,41891749888,BSE
SWSOLAR,Sterling and Wilson Renewable Energy Limited,Solar,Technology,139745853440,BSE
ALPHALOGIC,Unknown,Unknown,Unknown,0,BSE
NOVATEOR,Unknown,Unknown,Unknown,0,BSE
360ONE,360 One Wam Limited,Asset Management,Financial Services,369776459776,BSE
IIFLSEC,IIFL Securities Limited,Capital Markets,Financial Services,116802371584,BSE
MUFIN,Mufin Green Finance Limited,Credit Services,Financial Services,18265870336,BSE
MISQUITA,Unknown,Unknown,Unknown,0,BSE
GALACTICO,Unknown,Unknown,Unknown,0,BSE
VEL,Unknown,Unknown,Unknown,0,BSE
NIESSPJ,Unknown,Unknown,Unknown,0,BSE
NIESSPI,Unknown,Unknown,Unknown,0,BSE
NIESSPB,Unknown,Unknown,Unknown,0,BSE
NIESSPO,Unknown,Unknown,Unknown,0,BSE
NIESSPC,Unknown,Unknown,Unknown,0,BSE
NIESSPP,Unknown,Unknown,Unknown,0,BSE
NIESSPA,Unknown,Unknown,Unknown,0,BSE
NIESSPG,Unknown,Unknown,Unknown,0,BSE
FLUOROCHEM,Gujarat Fluorochemicals Limited,Specialty Chemicals,Basic Materials,474205978624,BSE
NIEHSPA,Unknown,Unknown,Unknown,0,BSE
NIEHSPB,Unknown,Unknown,Unknown,0,BSE
NIEHSPC,Unknown,Unknown,Unknown,0,BSE
NIEHSPF,Unknown,Unknown,Unknown,0,BSE
NIEHSPI,Unknown,Unknown,Unknown,0,BSE
NIEHSPK,Unknown,Unknown,Unknown,0,BSE
NIEHSPM,Unknown,Unknown,Unknown,0,BSE
NIEHSPN,Unknown,Unknown,Unknown,0,BSE
IRCTC,Indian Railway Catering & Tourism Corporation Limited,Railroads,Industrials,744760016896,BSE
NIESSPD,Unknown,Unknown,Unknown,0,BSE
NIESSPE,Unknown,Unknown,Unknown,0,BSE
NIESSPF,Unknown,Unknown,Unknown,0,BSE
NIEHSPD,Unknown,Unknown,Unknown,0,BSE
NIESSPH,Unknown,Unknown,Unknown,0,BSE
NIEHSPE,Unknown,Unknown,Unknown,0,BSE
NIESSPK,Unknown,Unknown,Unknown,0,BSE
NIEHSPG,Unknown,Unknown,Unknown,0,BSE
NIEHSPH,Unknown,Unknown,Unknown,0,BSE
NIEHSPJ,Unknown,Unknown,Unknown,0,BSE
NIEHSPL,Unknown,Unknown,Unknown,0,BSE
NIESSPL,Unknown,Unknown,Unknown,0,BSE
NIESSPM,Unknown,Unknown,Unknown,0,BSE
NIESSPN,Unknown,Unknown,Unknown,0,BSE
GOBLIN,Unknown,Unknown,Unknown,0,BSE
GENSOL,Gensol Engineering Limited,Solar,Technology,32329230336,BSE
VISHWARAJ,Vishwaraj Sugar Industries Limited,Confectioners,Consumer Defensive,4343490560,BSE
GREENPANEL,Greenpanel Industries Limited,Lumber & Wood Production,Basic Materials,48449929216,BSE
SHAHLON,Unknown,Unknown,Unknown,0,BSE
ABSLBANETF,Unknown,Unknown,Unknown,0,BSE
MOUNT,Unknown,Unknown,Unknown,0,BSE
ANUROOP,Unknown,Unknown,Unknown,0,BSE
COLABCLOUD,Unknown,Unknown,Unknown,0,BSE
CSBBANK,CSB Bank Limited,Banks—Regional,Financial Services,53128081408,BSE
UJJIVANSFB,Ujjivan Small Finance Bank Limited,Banks—Regional,Financial Services,77425221632,BSE
HINDWAREAP,Hindware Home Innovation Limited,"Furnishings, Fixtures & Appliances",Consumer Cyclical,23232448512,BSE
EASUN,Unknown,Unknown,Unknown,0,BSE
PRINCEPIPE,Prince Pipes and Fittings Limited,Building Products & Equipment,Industrials,61787013120,BSE
ASSAMENT,Unknown,Unknown,Unknown,0,BSE
GIANLIFE,Unknown,Unknown,Unknown,0,BSE
ARTEMISMED,Unknown,Unknown,Unknown,0,BSE
SUMICHEM,Sumitomo Chemical India Limited,Agricultural Inputs,Basic Materials,282142277632,BSE
MIDCAPIETF,Unknown,Unknown,Unknown,0,BSE
NEXT50,Unknown,Unknown,Unknown,0,BSE
JANUSCORP,Unknown,Unknown,Unknown,0,BSE
VARDHANCFL,Unknown,Unknown,Unknown,0,BSE
UNIVPHOTO,Universus Photo Imagings Limited,Medical Devices,Healthcare,4436656640,BSE
CBPL,Unknown,Unknown,Unknown,0,BSE
OCTAVIUSPL,Unknown,Unknown,Unknown,0,BSE
SUVENPHAR,Suven Pharmaceuticals Limited,Drug Manufacturers—Specialty & Generic,Healthcare,306101649408,BSE
SMAUTO,Unknown,Unknown,Unknown,0,BSE
SBICARD,SBI Cards and Payment Services Limited,Credit Services,Financial Services,732856844288,BSE
08MPD,Unknown,Unknown,Unknown,0,BSE
08ADR,Unknown,Unknown,Unknown,0,BSE
08MPR,Unknown,Unknown,Unknown,0,BSE
08AMD,Unknown,Unknown,Unknown,0,BSE
08AMR,Unknown,Unknown,Unknown,0,BSE
08BPB,Unknown,Unknown,Unknown,0,BSE
08GPG,Unknown,Unknown,Unknown,0,BSE
08ABB,Unknown,Unknown,Unknown,0,BSE
08QPD,Unknown,Unknown,Unknown,0,BSE
08AGG,Unknown,Unknown,Unknown,0,BSE
08QPR,Unknown,Unknown,Unknown,0,BSE
08AQD,Unknown,Unknown,Unknown,0,BSE
08DPD,Unknown,Unknown,Unknown,0,BSE
08AQR,Unknown,Unknown,Unknown,0,BSE
08DPR,Unknown,Unknown,Unknown,0,BSE
08ADD,Unknown,Unknown,Unknown,0,BSE
ROJL,Unknown,Unknown,Unknown,0,BSE
COSPOWER,Unknown,Unknown,Unknown,0,BSE
11DPR,Unknown,Unknown,Unknown,0,BSE
11GPG,Unknown,Unknown,Unknown,0,BSE
11MPD,Unknown,Unknown,Unknown,0,BSE
11MPR,Unknown,Unknown,Unknown,0,BSE
11QPD,Unknown,Unknown,Unknown,0,BSE
11QPR,Unknown,Unknown,Unknown,0,BSE
11ADD,Unknown,Unknown,Unknown,0,BSE
11ADR,Unknown,Unknown,Unknown,0,BSE
11AGG,Unknown,Unknown,Unknown,0,BSE
11AMD,Unknown,Unknown,Unknown,0,BSE
11AMR,Unknown,Unknown,Unknown,0,BSE
11AQD,Unknown,Unknown,Unknown,0,BSE
11AQR,Unknown,Unknown,Unknown,0,BSE
11DPD,Unknown,Unknown,Unknown,0,BSE
POWERINDIA,Hitachi Energy India Limited,Electronic Components,Technology,603911684096,BSE
DJML,DJ Mediaprint & Logistics Limited,Specialty Business Services,Industrials,4073431040,BSE
NATURAL,Unknown,Unknown,Unknown,0,BSE
REGIS,Unknown,Unknown,Unknown,0,BSE
BILLWIN,Unknown,Unknown,Unknown,0,BSE
AARTISURF,Aarti Surfactants Limited,Specialty Chemicals,Basic Materials,7026898944,BSE
BONLON,Unknown,Unknown,Unknown,0,BSE
BOROLTD,Borosil Limited,"Furnishings, Fixtures & Appliances",Consumer Cyclical,49336721408,BSE
ROSSARI,Rossari Biotech Limited,Specialty Chemicals,Basic Materials,50078281728,BSE
NDRAUTO,NDR Auto Components Limited,Auto Parts,Consumer Cyclical,20909656064,BSE
SBGLP,Suratwwala Business Group Limited,Real Estate—Development,Real Estate,18382096384,BSE
ALPL30IETF,Unknown,Unknown,Unknown,0,BSE
MAXHEALTH,Max Healthcare Institute Limited,Medical Care Facilities,Healthcare,941995851776,BSE
ITIETF,Unknown,Unknown,Unknown,0,BSE
MAXIND,Unknown,Medical Care Facilities,Healthcare,11394932736,BSE
HDFCNIFBAN,Unknown,Unknown,Unknown,0,BSE
UTIBANKETF,Unknown,Unknown,Unknown,0,BSE
HAPPSTMNDS,Happiest Minds Technologies Limited,Information Technology Services,Technology,120545591296,BSE
ROUTE,Route Mobile Limited,Telecom Services,Communication Services,98981888000,BSE
SAMRATFORG,Unknown,Unknown,Unknown,0,BSE
ADVAIT,Advait Infratech Limited,Specialty Industrial Machinery,Industrials,19129589760,BSE
ADL,Archidply Decor Limited,"Furnishings, Fixtures & Appliances",Consumer Cyclical,573880384,BSE
CAMS,Computer Age Management Services Limited,Information Technology Services,Technology,225506689024,BSE
CHEMCON,Chemcon Speciality Chemicals Limited,Specialty Chemicals,Basic Materials,10044138496,BSE
SECMARK,SecMark Consultancy Limited,Consulting Services,Industrials,936953984,BSE
ANGELONE,Angel One Limited,Capital Markets,Financial Services,234397106176,BSE
ATAM,Atam Valves Limited,Specialty Industrial Machinery,Industrials,1729766656,BSE
MAZDOCK,Mazagon Dock Shipbuilders Limited,Aerospace & Defense,Industrials,846250835968,BSE
UTIAMC,UTI Asset Management Company Limited,Asset Management,Financial Services,157446651904,BSE
GMPL,Unknown,Unknown,Unknown,0,BSE
LIKHITHA,Likhitha Infrastructure Limited,Oil & Gas Equipment & Services,Energy,15111321600,BSE
VGIL,Unknown,Unknown,Unknown,0,BSE
HEMIPROP,Hemisphere Properties India Limited,Real Estate—Diversified,Real Estate,56073748480,BSE
EQUITASBNK,Equitas Small Finance Bank Limited,Banks—Regional,Financial Services,87630340096,BSE
SHINEFASH,Unknown,Unknown,Unknown,0,BSE
GLAND,Gland Pharma Limited,Drug Manufacturers—Specialty & Generic,Healthcare,296684716032,BSE
ESG,Unknown,Unknown,Unknown,0,BSE
RBA,Restaurant Brands Asia Limited,Restaurants,Consumer Cyclical,54777090048,BSE
TARC,TARC Limited,Real Estate—Development,Real Estate,76902023168,BSE
RVHL,Ravinder Heights Limited,Real Estate—Development,Real Estate,3811392256,BSE
FAIRCHEMOR,Fairchem Organics Limited,Specialty Chemicals,Basic Materials,15902426112,BSE
BECTORFOOD,Mrs. Bectors Food Specialities Limited,Packaged Foods,Consumer Defensive,116373962752,BSE
AWHCL,Antony Waste Handling Cell Limited,Waste Management,Industrials,21185669120,BSE
INFRABEES,Unknown,Unknown,Unknown,0,BSE
RFLL,MSCI EMU DEFENSIVE SECT NETR EU,Unknown,Unknown,0,BSE
IRFC,Indian Railway Finance Corporation Limited,Credit Services,Financial Services,2030191509504,BSE
INDIGOPNTS,Indigo Paints Limited,Specialty Chemicals,Basic Materials,71767228416,BSE
HOMEFIRST,Home First Finance Company India Limited,Mortgage Finance,Financial Services,105560981504,BSE
STOVEKRAFT,Stove Kraft Limited,"Furnishings, Fixtures & Appliances",Consumer Cyclical,29616064512,BSE
MRP,Unknown,Unknown,Unknown,0,BSE
SMCGLOBAL,SMC Global Securities Limited,Capital Markets,Financial Services,16223264768,BSE
NURECA,Nureca Limited,Medical Devices,Healthcare,3593071616,BSE
RAILTEL,RailTel Corporation of India Limited,Telecom Services,Communication Services,145657708544,BSE
HERANBA,Heranba Industries Limited,Agricultural Inputs,Basic Materials,19554598912,BSE
DAVANGERE,Davangere Sugar Company Limited,Confectioners,Consumer Defensive,6548281344,BSE
DRCSYSTEMS,DRC Systems India Limited,Information Technology Services,Technology,3356688384,BSE
MTARTECH,MTAR Technologies Limited,Specialty Industrial Machinery,Industrials,53280243712,BSE
JUBLINGREA,Jubilant Ingrevia Limited,Specialty Chemicals,Basic Materials,122476167168,BSE
EASEMYTRIP,Easy Trip Planners Limited,Travel Services,Consumer Cyclical,60284801024,BSE
KMEW,Unknown,Unknown,Unknown,0,BSE
SUUMAYA,Unknown,Unknown,Unknown,0,BSE
ANURAS,Anupam Rasayan India Ltd,Specialty Chemicals,Basic Materials,84139098112,BSE
CRAFTSMAN,Craftsman Automation Limited,Auto Parts,Consumer Cyclical,155348860928,BSE
LXCHEM,Laxmi Organic Industries Limited,Specialty Chemicals,Basic Materials,80500473856,BSE
KALYANKJIL,Kalyan Jewellers India Limited,Luxury Goods,Consumer Cyclical,773008982016,BSE
SURYODAY,Suryoday Small Finance Bank Limited,Banks—Regional,Financial Services,19050088448,BSE
NAZARA,Nazara Technologies Limited,Electronic Gaming & Multimedia,Communication Services,76859252736,BSE
SUVIDHAA,Suvidhaa Infoserve Limited,Information Technology Services,Technology,1145546240,BSE
BARBEQUE,Barbeque-Nation Hospitality Limited,Restaurants,Consumer Cyclical,25262583808,BSE
EKI,Unknown,Unknown,Unknown,0,BSE
RCAN,Unknown,Unknown,Unknown,0,BSE
JETMALL,Unknown,Unknown,Unknown,0,BSE
LODHA,Macrotech Developers Limited,Real Estate—Development,Real Estate,1215138234368,BSE
DEEPINDS,Unknown,Oil & Gas E&P,Energy,27993600000,BSE
MAFANG,Unknown,Unknown,Unknown,0,BSE
HEALTHIETF,Unknown,Unknown,Unknown,0,BSE
IWEL,Inox Wind Energy Limited,Specialty Industrial Machinery,Industrials,152765382656,BSE
VINEETLAB,Vineet Laboratories Limited,Chemicals,Basic Materials,541616832,BSE
SHYAMMETL,Shyam Metalics and Energy Limited,Steel,Basic Materials,250999717888,BSE
SONACOMS,Sona BLW Precision Forgings Limited,Auto Parts,Consumer Cyclical,454385893376,BSE
NAVODAYENT,Unknown,Unknown,Unknown,0,BSE
DODLA,Dodla Dairy Limited,Food Distribution,Consumer Defensive,70755459072,BSE
KIMS,Krishna Institute of Medical Sciences Limited,Medical Care Facilities,Healthcare,222657363968,BSE
ADESHWAR,Unknown,Unknown,Unknown,0,BSE
TIMESGREEN,Unknown,Unknown,Unknown,0,BSE
IPL,India Pesticides Limited,Agricultural Inputs,Basic Materials,24005935104,BSE
FOCUS,Unknown,Unknown,Unknown,0,BSE
GRINFRA,G R Infraprojects Limited,Engineering & Construction,Industrials,168682127360,BSE
CLEAN,Clean Science and Technology Limited,Specialty Chemicals,Basic Materials,172822446080,BSE
AAPLUSTRAD,Unknown,Unknown,Unknown,0,BSE
ZOMATO,Zomato Limited,Internet Retail,Consumer Cyclical,2386810109952,BSE
TATVA,Tatva Chintan Pharma Chem Limited,Specialty Chemicals,Basic Materials,24123103232,BSE
GLS,Glenmark Life Sciences Limited,Drug Manufacturers—Specialty & Generic,Healthcare,137728720896,BSE
BFSI,Unknown,Unknown,Unknown,0,BSE
GCSL,Unknown,Unknown,Unknown,0,BSE
ROLEXRINGS,Rolex Rings Limited,Metal Fabrication,Industrials,68587065344,BSE
FMCGIETF,Unknown,Unknown,Unknown,0,BSE
EXXARO,Exxaro Tiles Limited,Building Products & Equipment,Industrials,4277249024,BSE
KRSNAA,Krsnaa Diagnostics Limited,Diagnostics & Research,Healthcare,27557730304,BSE
WINDLAS,Windlas Biotech Limited,Drug Manufacturers—Specialty & Generic,Healthcare,17956493312,BSE
DEVYANI,Devyani International Limited,Restaurants,Consumer Cyclical,232629174272,BSE
MOL,Meghmani Organics Limited,Agricultural Inputs,Basic Materials,26524950528,BSE
EPIGRAL,Epigral Limited,Chemicals,Basic Materials,95619473408,BSE
CARTRADE,CarTrade Tech Limited,Auto & Truck Dealerships,Consumer Cyclical,46827098112,BSE
NUVOCO,Nuvoco Vistas Corporation Limited,Building Materials,Basic Materials,128915464192,BSE
APTUS,Aptus Value Housing Finance India Limited,Mortgage Finance,Financial Services,175880339456,BSE
CHEMPLASTS,Chemplast Sanmar Limited,Chemicals,Basic Materials,81592664064,BSE
SHARPLINE,Unknown,Unknown,Unknown,0,BSE
AASHKA,Aashka Hospitals Limited,Unknown,Unknown,0,BSE
AXISTECETF,Unknown,Unknown,Unknown,0,BSE
AXISHCETF,Unknown,Unknown,Unknown,0,BSE
AMIORG,Ami Organics Limited,Specialty Chemicals,Basic Materials,70329819136,BSE
VIJAYA,Vijaya Diagnostic Centre Limited,Diagnostics & Research,Healthcare,97588396032,BSE
POBS,Unknown,Unknown,Unknown,0,BSE
AXISCETF,Unknown,Unknown,Unknown,0,BSE
SANSERA,Sansera Engineering Limited,Auto Parts,Consumer Cyclical,90784645120,BSE
PREVEST,Unknown,Unknown,Unknown,0,BSE
MARKOLINES,Unknown,Unknown,Unknown,0,BSE
MASPTOP50,Unknown,Unknown,Unknown,0,BSE
SBLI,Unknown,Unknown,Unknown,0,BSE
PARAS,Paras Defence and Space Technologies Limited,Aerospace & Defense,Industrials,43489009664,BSE
GETALONG,Unknown,Unknown,Unknown,0,BSE
SVRL,Unknown,Unknown,Unknown,0,BSE
ABSLAMC,Aditya Birla Sun Life AMC Limited,Asset Management,Financial Services,216294817792,BSE
PROMAX,Unknown,Unknown,Unknown,0,BSE
SAMOR,Unknown,Unknown,Unknown,0,BSE
ADISHAKTI,Unknown,Unknown,Unknown,0,BSE
CONSUMIETF,Unknown,Unknown,Unknown,0,BSE
NYKAA,FSN E-Commerce Ventures Limited,Internet Retail,Consumer Cyclical,563728678912,BSE
FINOPB,Fino Payments Bank Limited,Banks—Regional,Financial Services,35095633920,BSE
SJS,S.J.S. Enterprises Limited,Auto Parts,Consumer Cyclical,30518016000,BSE
EQUAL50ADD,Unknown,Unknown,Unknown,0,BSE
SIGACHI,Sigachi Industries Limited,Drug Manufacturers—Specialty & Generic,Healthcare,18399606784,BSE
POLICYBZR,PB Fintech Limited,Insurance Brokers,Financial Services,784558850048,BSE
SGFRL,Unknown,Unknown,Unknown,0,BSE
PAYTM,One97 Communications Limited,Software—Infrastructure,Technology,465542250496,BSE
SAPPHIRE,Sapphire Foods India Limited,Restaurants,Consumer Cyclical,114481356800,BSE
LATENTVIEW,Latent View Analytics Limited,Consulting Services,Industrials,97941749760,BSE
TARSONS,Tarsons Products Limited,Medical Instruments & Supplies,Healthcare,23820462080,BSE
OMNIPOTENT,Unknown,Unknown,Unknown,0,BSE
GOCOLORS,Go Fashion (India) Limited,Apparel Retail,Consumer Cyclical,74791665664,BSE
DMR,Unknown,Unknown,Unknown,0,BSE
HITECH,Hi-Tech Pipes Limited,Steel,Basic Materials,33901369344,BSE
STARHEALTH,Star Health and Allied Insurance Company Limited,Insurance—Diversified,Financial Services,353919631360,BSE
TEGA,Tega Industries Limited,Specialty Industrial Machinery,Industrials,131430899712,BSE
MAHKTECH,Unknown,Unknown,Unknown,0,BSE
ANANDRATHI,Anand Rathi Wealth Limited,Asset Management,Financial Services,161201094656,BSE
ZODIAC,Zodiac Clothing Company Ltd.,Unknown,Unknown,11967711232,BSE
RATEGAIN,RateGain Travel Technologies Limited,Software—Application,Technology,86202761216,BSE
SHRIRAMPPS,Shriram Properties Limited,Real Estate—Development,Real Estate,21890359296,BSE
JETFREIGHT,Jet Freight Logistics Limited,Integrated Freight & Logistics,Industrials,774479424,BSE
MAPMYINDIA,C. E. Info Systems Limited,Software—Infrastructure,Technology,118893518848,BSE
METROBRAND,Metro Brands Limited,Apparel Retail,Consumer Cyclical,348660662272,BSE
MEDPLUS,MedPlus Health Services Limited,Pharmaceutical Retailers,Healthcare,79413018624,BSE
DATAPATTNS,Data Patterns (India) Limited,Aerospace & Defense,Industrials,128903159808,BSE
HPAL,HP Adhesives Limited,Specialty Chemicals,Basic Materials,8430423040,BSE
SUPRIYA,Supriya Lifescience Limited,Biotechnology,Healthcare,47134752768,BSE
CLARA,Unknown,Unknown,Unknown,0,BSE
MONQ50,Unknown,Unknown,Unknown,0,BSE
MIDQ50ADD,Unknown,Unknown,Unknown,0,BSE
BRANDBUCKT,Unknown,Unknown,Unknown,0,BSE
NIFTY50ADD,Unknown,Unknown,Unknown,0,BSE
CMSINFO,CMS Info Systems Limited,Specialty Business Services,Industrials,96371376128,BSE
BCONCEPTS,Brand Concepts Limited,Footwear & Accessories,Consumer Cyclical,7216961536,BSE
FABINO,Unknown,Unknown,Unknown,0,BSE
WEL,Wonder Electricals Limited,"Furnishings, Fixtures & Appliances",Consumer Cyclical,18890502144,BSE
AUTOIETF,Unknown,Unknown,Unknown,0,BSE
AGSTRA,AGS Transact Technologies Limited,Software—Infrastructure,Technology,12358732800,BSE
ALKOSIGN,Unknown,Unknown,Unknown,0,BSE
MAKEINDIA,Unknown,Unknown,Unknown,0,BSE
AWL,Adani Wilmar Limited,Packaged Foods,Consumer Defensive,453653299200,BSE
QRIL,Unknown,Unknown,Unknown,0,BSE
SSTL,Unknown,Unknown,Unknown,0,BSE
DEVIT,Dev Information Technology Limited,Information Technology Services,Technology,3555955200,BSE
MANYAVAR,Vedant Fashions Limited,Apparel Manufacturing,Consumer Cyclical,329650438144,BSE
SPITZE,Unknown,Unknown,Unknown,0,BSE
MOMOMENTUM,Unknown,Unknown,Unknown,0,BSE
SOFTTECH,SoftTech Engineers Limited,Software—Application,Technology,4783447040,BSE
TECH,Aditya Birla Sun Life Amc Ltd. - Absl Mutual Fund - Absl Nifty IT ETF,Unknown,Unknown,0,BSE
HEALTHY,Aditya Birla Sun Life Amc Ltd. - Absl Mutual Fund - Absl Nifty Healthcare Etf,Unknown,Unknown,0,BSE
BSLNIFTY,Birla Sun Life Mutual Fund - Birla Sun Life Nifty ETF,Unknown,Unknown,0,BSE
EKENNIS,Unknown,Unknown,Unknown,0,BSE
MIDCAPETF,Unknown,Unknown,Unknown,0,BSE
EUREKAFORB,Eureka Forbes Limited,"Furnishings, Fixtures & Appliances",Consumer Cyclical,111695429632,BSE
GATEWAY,Gateway Distriparks Limited,Integrated Freight & Logistics,Industrials,46182096896,BSE
GMRP&UI,GMR Power And Urban Infra Limited,Thermal Coal,Energy,110871060480,BSE
BCCL,Unknown,Unknown,Unknown,0,BSE
MSUMI,Motherson Sumi Wiring India Limited,Auto Parts,Consumer Cyclical,309919776768,BSE
ACHYUT,Unknown,Unknown,Unknown,0,BSE
EVOQ,Unknown,Unknown,Unknown,0,BSE
MOLOWVOL,Unknown,Unknown,Unknown,0,BSE
AVROIND,Avro India Limited,"Furnishings, Fixtures & Appliances",Consumer Cyclical,1803597568,BSE
UMAEXPORTS,Uma Exports Limited,Farm Products,Consumer Defensive,4048723456,BSE
VERANDA,Veranda Learning Solutions Limited,Education & Training Services,Consumer Defensive,21907318784,BSE
SEML,Unknown,Unknown,Unknown,0,BSE
DHYAANITR,Unknown,Unknown,Unknown,0,BSE
HARIOMPIPE,Hariom Pipe Industries Limited,Steel,Basic Materials,22102910976,BSE
EIGHTY,Unknown,Unknown,Unknown,0,BSE
SFSL,Unknown,Unknown,Unknown,0,BSE
GLHRL,Unknown,Unknown,Unknown,0,BSE
FONE4,Unknown,Unknown,Unknown,0,BSE
NVENTURES,Unknown,Unknown,Unknown,0,BSE
CAMPUS,Campus Activewear Limited,Footwear & Accessories,Consumer Cyclical,102994640896,BSE
RAINBOW,Rainbow Children's Medicare Limited,Medical Care Facilities,Healthcare,147651526656,BSE
SILVERTUC,Silver Touch Technologies Limited,Information Technology Services,Technology,9295172608,BSE
LICI,Life Insurance Corporation of India,Insurance—Life,Financial Services,6326897868800,BSE
PRUDENT,Prudent Corporate Advisory Services Limited,Asset Management,Financial Services,106295140352,BSE
VENUSPIPES,Venus Pipes and Tubes Limited,Steel,Basic Materials,43667062784,BSE
DELHIVERY,Delhivery Limited,Integrated Freight & Logistics,Industrials,310112911360,BSE
PARADEEP,Paradeep Phosphates Limited,Agricultural Inputs,Basic Materials,73077530624,BSE
TIERRA,Unknown,Unknown,Unknown,0,BSE
ETHOSLTD,Ethos Limited,Luxury Goods,Consumer Cyclical,82986106880,BSE
EMUDHRA,eMudhra Limited,Software—Application,Technology,72543043584,BSE
AETHER,Aether Industries Limited,Specialty Chemicals,Basic Materials,125817430016,BSE
WEWIN,We Win Limited,Information Technology Services,Technology,736672512,BSE
SILVERPRL,Unknown,Unknown,Unknown,0,BSE
SCARNOSE,Unknown,Unknown,Unknown,0,BSE
GOEL,Unknown,Unknown,Unknown,0,BSE
MODIS,Unknown,Unknown,Unknown,0,BSE
PGCRL,Unknown,Unknown,Unknown,0,BSE
SAILANI,Unknown,Unknown,Unknown,0,BSE
KESAR,Unknown,Unknown,Unknown,0,BSE
BRRL,Unknown,Unknown,Unknown,0,BSE
JAYANT,COLUMBIA U.S. ESG EQUITY INCOME,Unknown,Unknown,0,BSE
VEERKRUPA,Unknown,Unknown,Unknown,0,BSE
HEALTHYLIFE,Unknown,Unknown,Unknown,0,BSE
DDEVPLASTIK,Unknown,Unknown,Unknown,0,BSE
MOHEALTH,Unknown,Unknown,Unknown,0,BSE
MOM30IETF,Unknown,Unknown,Unknown,0,BSE
HDFCNIF100,Unknown,Unknown,Unknown,0,BSE
HDFCNEXT50,Unknown,Unknown,Unknown,0,BSE
INFRAIETF,Unknown,Unknown,Unknown,0,BSE
SYRMA,Syrma SGS Technology Limited,Electronic Components,Technology,76071829504,BSE
NIFTYQLITY,Unknown,Unknown,Unknown,0,BSE
MOMENTUM,Unknown,Unknown,Unknown,0,BSE
MOVALUE,Unknown,Unknown,Unknown,0,BSE
MOQUALITY,Unknown,Unknown,Unknown,0,BSE
OLATECH,Unknown,Unknown,Unknown,0,BSE
NATURO,Unknown,Unknown,Unknown,0,BSE
RHETAN,Unknown,Unknown,Unknown,0,BSE
DREAMFOLKS,Dreamfolks Services Limited,Airports & Air Services,Industrials,24663767040,BSE
DBOL,Dhampur Bio Organics Limited,Farm Products,Consumer Defensive,10734874624,BSE
DPL,Dhunseri Ventures Limited,Unknown,Unknown,280198400,BSE
EPBIO,Unknown,Unknown,Unknown,0,BSE
TMB,Tamilnad Mercantile Bank Limited,Banks—Regional,Financial Services,74464559104,BSE
VOEPL,Unknown,Unknown,Unknown,0,BSE
SISL,Share India Securities Limited,Unknown,Unknown,0,BSE
KSOLVES,Ksolves India Limited,Software—Application,Technology,12250212352,BSE
HARSHA,Harsha Engineers International Limited,Tools & Accessories,Industrials,47606960128,BSE
HDFCQUAL,Unknown,Unknown,Unknown,0,BSE
CONTAINE,Unknown,Unknown,Unknown,0,BSE
HDFCGROWTH,Unknown,Unknown,Unknown,0,BSE
HDFCVALUE,Unknown,Unknown,Unknown,0,BSE
MAFIA,Unknown,Unknown,Unknown,0,BSE
TIPSFILMS,Tips Films Limited,Entertainment,Communication Services,2962692608,BSE
SRSOLTD,Unknown,Unknown,Unknown,0,BSE
TLL,Unknown,Unknown,Unknown,0,BSE
REETECH,Unknown,Unknown,Unknown,0,BSE
CARGOTRANS,Unknown,Unknown,Unknown,0,BSE
CNCRD,Unknown,Unknown,Unknown,0,BSE
INA,Unknown,Unknown,Unknown,0,BSE
CARGOSOL,Unknown,Unknown,Unknown,0,BSE
STML,Steelman Telecom Limited,Unknown,Unknown,0,BSE
VEDANTASSET,Unknown,Unknown,Unknown,0,BSE
MAAGHADV,Unknown,Unknown,Unknown,0,BSE
SECURCRED,SecUR Credentials Limited,Specialty Business Services,Industrials,203260848,BSE
EMIL,Electronics Mart India Limited,Specialty Retail,Consumer Cyclical,82413232128,BSE
HDFCLOWVOL,Unknown,Unknown,Unknown,0,BSE
HDFCMOMENT,Unknown,Unknown,Unknown,0,BSE
PPLPHARMA,Piramal Pharma Limited,Drug Manufacturers—Specialty & Generic,Healthcare,302137573376,BSE
DCI,DC Infotech and Communication Limited,Electronics & Computer Distribution,Technology,4754749952,BSE
PACE,Unknown,Unknown,Unknown,0,BSE
TRACXN,Tracxn Technologies Limited,Software—Application,Technology,9445487616,BSE
NARMADA,Narmada Agrobase Limited,Agricultural Inputs,Basic Materials,322340160,BSE
INFOBEAN,InfoBeans Technologies Limited,Software—Application,Technology,10450560000,BSE
HPIL,Hindprakash Industries Limited,Specialty Chemicals,Basic Materials,1749029760,BSE
DCXINDIA,DCX Systems Limited,Aerospace & Defense,Industrials,36762947584,BSE
DAPS,Unknown,Unknown,Unknown,0,BSE
FUSION,Fusion Finance Limited,Credit Services,Financial Services,24737427456,BSE
BIKAJI,Bikaji Foods International Limited,Packaged Foods,Consumer Defensive,237349617664,BSE
MEDANTA,Global Health Limited,Medical Care Facilities,Healthcare,268828983296,BSE
TECHNOPACK,Unknown,Unknown,Unknown,0,BSE
ACI,Archean Chemical Industries Limited,Chemicals,Basic Materials,88648409088,BSE
FIVESTAR,Five-Star Business Finance Limited,Credit Services,Financial Services,241292705792,BSE
KAYNES,Kaynes Technology India Limited,Specialty Industrial Machinery,Industrials,349774217216,BSE
HDFCNIFIT,Unknown,Unknown,Unknown,0,BSE
HDFCPVTBAN,Unknown,Unknown,Unknown,0,BSE
INOXGREEN,Inox Green Energy Services Limited,Utilities—Renewable,Utilities,75747442688,BSE
BBTCL,B&B Triplewall Containers Limited,Packaging & Containers,Consumer Cyclical,4748342784,BSE
RUSTOMJEE,Keystone Realtors Limited,Real Estate—Development,Real Estate,90991820800,BSE
VINNY,Vinny Overseas Limited,Textile Manufacturing,Consumer Cyclical,1428308224,BSE
AAATECH,AAA Technologies Limited,Information Technology Services,Technology,1702756608,BSE
FINIETF,Unknown,Unknown,Unknown,0,BSE
AMBOAGRI,Unknown,Unknown,Unknown,0,BSE
SIRCA,Sirca Paints India Limited,Specialty Chemicals,Basic Materials,18840524800,BSE
DHARMAJ,Dharmaj Crop Guard Limited,Agricultural Inputs,Basic Materials,11450524672,BSE
SARVESHWAR,Sarveshwar Foods Limited,Packaged Foods,Consumer Defensive,10032864256,BSE
UNIPARTS,Uniparts India Limited,Farm & Heavy Construction Machinery,Industrials,21140383744,BSE
GARGI,Unknown,Unknown,Unknown,0,BSE
COMMOIETF,Unknown,Unknown,Unknown,0,BSE
SULA,Sula Vineyards Limited,Beverages—Wineries & Distilleries,Consumer Defensive,38819598336,BSE
AHL,Abans Holdings Limited,Capital Markets,Financial Services,19122089984,BSE
DRONACHRYA,Unknown,Unknown,Unknown,0,BSE
LANDMARK,Landmark Cars Limited,Auto & Truck Dealerships,Consumer Cyclical,27259795456,BSE
IEL,Indiabulls Enterprises Limited,Rental & Leasing Services,Industrials,2544663552,BSE
KFINTECH,KFin Technologies Limited,Software—Application,Technology,194778349568,BSE
ELIN,Elin Electronics Limited,Electrical Equipment & Parts,Industrials,12077117440,BSE
RADIANTCMS,Radiant Cash Management Services Limited,Specialty Business Services,Industrials,8680695808,BSE
AVEER,Unknown,Unknown,Unknown,0,BSE
BANKETFADD,Unknown,Unknown,Unknown,0,BSE
SAH,Sah Polymers Limited,Packaging & Containers,Consumer Cyclical,2478479616,BSE
REXSEAL,Unknown,Unknown,Unknown,0,BSE
SVS,Unknown,Unknown,Unknown,0,BSE
LOGICA,Unknown,Unknown,Unknown,0,BSE
KAMOPAINTS,Kamdhenu Ventures Limited,Steel,Basic Materials,10559184896,BSE
AARTIPHARM,Aarti Pharmalabs Limited,Drug Manufacturers—Specialty & Generic,Healthcare,56614064128,BSE
DHARNI,Unknown,Unknown,Unknown,0,BSE
TRANSVOY,Unknown,Unknown,Unknown,0,BSE
EARTH,Unknown,Unknown,Unknown,0,BSE
ASHIKA,Unknown,Unknown,Unknown,0,BSE
BTML,Bodhi Tree Multimedia Limited,Entertainment,Communication Services,1513260032,BSE
NSLNISP,NMDC Steel Limited,Steel,Basic Materials,158575296512,BSE
INDONG,Unknown,Unknown,Unknown,0,BSE
HDFCBSE500,Unknown,Unknown,Unknown,0,BSE
HDFCSML250,Unknown,Unknown,Unknown,0,BSE
HDFCMID150,Unknown,Unknown,Unknown,0,BSE
SEALMATIC,Unknown,Unknown,Unknown,0,BSE
ROBU,Unknown,Unknown,Unknown,0,BSE
PATRON,Unknown,Unknown,Unknown,0,BSE
SVJ,Unknown,Unknown,Unknown,0,BSE
AMANAYA,Unknown,Unknown,Unknown,0,BSE
RESGEN,Unknown,Unknown,Unknown,0,BSE
ITCONS,Unknown,Unknown,Unknown,0,BSE
AIRAN,Airan Limited,Information Technology Services,Technology,4636992000,BSE
DIVGIITTS,Divgi TorqTransfer Systems Limited,Auto Parts,Consumer Cyclical,18386440192,BSE
PCL,Unknown,Unknown,Unknown,0,BSE
PSUBNKIETF,Unknown,Unknown,Unknown,0,BSE
SUDARSHAN,Unknown,Unknown,Unknown,0,BSE
GSLSU,Global Surfaces Limited,Building Materials,Basic Materials,8976464896,BSE
LABELKRAFT,Overlay Shares Core Bond ETF Es,Unknown,Unknown,0,BSE
BRIGHT,Unknown,Unknown,Unknown,0,BSE
COMMAND,Unknown,Unknown,Unknown,0,BSE
DEVLAB,Unknown,Unknown,Unknown,0,BSE
AXSENSEX,Unknown,Unknown,Unknown,0,BSE
LOWVOL,Unknown,Unknown,Unknown,0,BSE
JAFINANCE,Unknown,Unknown,Unknown,0,BSE
USK,Udayshivakumar Infra Limited,Engineering & Construction,Industrials,3218461696,BSE
MAIDEN,Unknown,Unknown,Unknown,0,BSE
EXHICON,Unknown,Unknown,Unknown,0,BSE
AVALON,Avalon Technologies Limited,Electronic Components,Technology,38752432128,BSE
SANCODE,Unknown,Unknown,Unknown,0,BSE
BLAL,BEML Land Assets Limited,Shell Companies,Financial Services,10030077952,BSE
RHL,Robust Hotels Limited,Lodging,Consumer Cyclical,3371881472,BSE
RETINA,Unknown,Unknown,Unknown,0,BSE
MANKIND,Mankind Pharma Limited,Drug Manufacturers—Specialty & Generic,Healthcare,1032359444480,BSE
INNOKAIZ,Unknown,Unknown,Unknown,0,BSE
AVG,AVG Logistics Limited,Integrated Freight & Logistics,Industrials,6339378688,BSE
ATALREAL,Atal Realtech Limited,Engineering & Construction,Industrials,1403005952,BSE
PIGL,Power & Instrumental (Gujarat) Limited,Engineering & Construction,Industrials,3041802752,BSE
SWATIPRO,Unknown,Unknown,Unknown,0,BSE
PAVNAIND,Pavna Industries Limited,Auto Parts,Consumer Cyclical,6070910464,BSE
HSIL,CAD/JPY,Unknown,Unknown,0,BSE
SIGMA,Sigma Solve Limited,Information Technology Services,Technology,3882401280,BSE
GHCLTEXTIL,GHCL Textiles Limited,Textile Manufacturing,Consumer Cyclical,9658945536,BSE
MKPL,M. K. Proteins Limited,Packaged Foods,Consumer Defensive,3434653696,BSE
CFF,Unknown,Unknown,Unknown,0,BSE
COMRADE,Unknown,Unknown,Unknown,0,BSE
IKIO,IKIO Lighting Limited,Electronic Components,Technology,22593013760,BSE
SONALIS,Unknown,Unknown,Unknown,0,BSE
BIZOTIC,Unknown,Unknown,Unknown,0,BSE
ASIAN,Unknown,Unknown,Unknown,0,BSE
COSMICCRF,Unknown,Unknown,Unknown,0,BSE
HMAAGRO,HMA Agro Industries Limited,Packaged Foods,Consumer Defensive,23936804864,BSE
URAVI,Uravi T & Wedge Lamps Limited,Auto Parts,Consumer Cyclical,4571049984,BSE
VEEFIN,Unknown,Unknown,Unknown,0,BSE
IDEAFORGE,ideaForge Technology Limited,Computer Hardware,Technology,30100797440,BSE
CYIENTDLM,Cyient DLM Limited,Electronic Components,Technology,56331120640,BSE
MACIND,Unknown,Unknown,Unknown,0,BSE
ITETFADD,Unknown,Unknown,Unknown,0,BSE
SENCO,Senco Gold Limited,Luxury Goods,Consumer Cyclical,114990292992,BSE
ALPHAIND,Unknown,Unknown,Unknown,0,BSE
ACCELERATE,Unknown,Unknown,Unknown,0,BSE
KAKA,Unknown,Unknown,Unknown,0,BSE
JIOFIN,Jio Financial Services Limited,Asset Management,Financial Services,2229365899264,BSE
AHASOLAR,Unknown,Unknown,Unknown,0,BSE
UTKARSHBNK,Utkarsh Small Finance Bank Limited,Banks—Regional,Financial Services,50442743808,BSE
ASARFI,Unknown,Unknown,Unknown,0,BSE
BANKETF,Unknown,Unknown,Unknown,0,BSE
NETWEB,Netweb Technologies India Limited,Computer Hardware,Technology,141052280832,BSE
SENSEXADD,Unknown,Unknown,Unknown,0,BSE
PSUBANKADD,Unknown,Unknown,Unknown,0,BSE
PVTBANKADD,Unknown,Unknown,Unknown,0,BSE
YATHARTH,Yatharth Hospital & Trauma Care Services Limited,Medical Care Facilities,Healthcare,48398049280,BSE
INNOVATUS,Unknown,Unknown,Unknown,0,BSE
NIITMTS,NIIT Learning Systems Limited,Education & Training Services,Consumer Defensive,68149149696,BSE
KHAZANCHI,Unknown,Unknown,Unknown,0,BSE
ATL,Unknown,Unknown,Unknown,0,BSE
TREL,Unknown,Unknown,Unknown,0,BSE
QUAL30IETF,Unknown,Unknown,Unknown,0,BSE
REDTAPE,REDTAPE Limited,Footwear & Accessories,Consumer Cyclical,109414522880,BSE
VLEGOV,VL E-Governance & IT Solutions Limited,Integrated Freight & Logistics,Industrials,17550782464,BSE
SBFC,SBFC Finance Limited,Credit Services,Financial Services,99691798528,BSE
CONCORDBIO,Concord Biotech Limited,Biotechnology,Healthcare,206998454272,BSE
DPWIRES,D.P. Wires Limited,Metal Fabrication,Industrials,6311762944,BSE
SHELTER,Unknown,Unknown,Unknown,0,BSE
TVSSCS,TVS Supply Chain Solutions Limited,Integrated Freight & Logistics,Industrials,90498826240,BSE
PYRAMID,Pyramid Technoplast Limited,Packaging & Containers,Consumer Cyclical,6218470400,BSE
SHOORA,Unknown,Unknown,Unknown,0,BSE
BONDADA,Unknown,Unknown,Unknown,0,BSE
AEROFLEX,Aeroflex Industries Limited,Metal Fabrication,Industrials,24790642688,BSE
VPRPL,Vishnu Prakash R Punglia Limited,Engineering & Construction,Industrials,32357582848,BSE
NIFMID150,Unknown,Unknown,Unknown,0,BSE
SHRAAITECH,Unknown,Unknown,Unknown,0,BSE
RISHABH,Rishabh Instruments Limited,Scientific & Technical Instruments,Technology,15186280448,BSE
RATNAVEER,Ratnaveer Precision Engineering Limited,Steel,Basic Materials,9872493568,BSE
KAHAN,Unknown,Unknown,Unknown,0,BSE
JLHL,Jupiter Life Line Hospitals Limited,Medical Care Facilities,Healthcare,91782561792,BSE
RRKABEL,R R Kabel Limited,Electrical Equipment & Parts,Industrials,196069097472,BSE
MESON,Unknown,Unknown,Unknown,0,BSE
EMSLIMITED,EMS Limited,Engineering & Construction,Industrials,41589792768,BSE
SAMHI,SAMHI Hotels Limited,Lodging,Consumer Cyclical,43911573504,BSE
ZAGGLE,Zaggle Prepaid Ocean Services Limited,Software—Infrastructure,Technology,53947080704,BSE
SOUTHWEST,South West Pinnacle Exploration Limited,Oil & Gas Equipment & Services,Energy,3522678016,BSE
NAVINIFTY,Unknown,Unknown,Unknown,0,BSE
NUVAMA,Nuvama Wealth Management Limited,Asset Management,Financial Services,233057959936,BSE
KALAMANDIR,Sai Silks (Kalamandir) Limited,Apparel Retail,Consumer Cyclical,26161993728,BSE
SIGNATURE,Signatureglobal (India) Limited,Real Estate—Development,Real Estate,226180562944,BSE
TECHKGREEN,Unknown,Unknown,Unknown,0,BSE
YATRA,Yatra Online Limited,Travel Services,Consumer Cyclical,21144430592,BSE
ARCL,Unknown,Unknown,Unknown,0,BSE
JSWINFRA,JSW Infrastructure Limited,Marine Shipping,Industrials,711285538816,BSE
MVGJL,Manoj Vaibhav Gems 'N' Jewellers Limited,Luxury Goods,Consumer Cyclical,13222991872,BSE
UDS,Updater Services Limited,Specialty Business Services,Industrials,25524076544,BSE
ORGANICREC,Unknown,Unknown,Unknown,0,BSE
VALIANTLAB,Valiant Laboratories Limited,Drug Manufacturers—Specialty & Generic,Healthcare,5329142784,BSE
SENSEXETF,Unknown,Unknown,Unknown,0,BSE
CCAL,Unknown,Unknown,Unknown,0,BSE
SUNITATOOL,Unknown,Unknown,Unknown,0,BSE
VIVAA,Unknown,Unknown,Unknown,0,BSE
PLAZACABLE,Plaza Wires Limited,Electrical Equipment & Parts,Industrials,3702302720,BSE
IRMENERGY,IRM Energy Limited,Utilities—Regulated Gas,Utilities,18277726208,BSE
ITETF,Unknown,Unknown,Unknown,0,BSE
ALPHAETF,Unknown,Unknown,Unknown,0,BSE
MAXESTATES,Max Estates Limited,Real Estate—Development,Real Estate,96860315648,BSE
BLUEJET,Blue Jet Healthcare Limited,Biotechnology,Healthcare,89872211968,BSE
VPL,Unknown,Unknown,Unknown,0,BSE
CELLO,Cello World Limited,"Furnishings, Fixtures & Appliances",Consumer Cyclical,199746289664,BSE
KKSHL,Unknown,Unknown,Unknown,0,BSE
HONASA,Honasa Consumer Limited,Household & Personal Products,Consumer Defensive,147713720320,BSE
MISHDESIGN,Unknown,Unknown,Unknown,0,BSE
ESAFSFB,ESAF Small Finance Bank,Banks—Regional,Financial Services,23009718272,BSE
PROTEAN,Unknown,Unknown,Unknown,0,BSE
ASKAUTOLTD,ASK Automotive Limited,Auto Parts,Consumer Cyclical,85776924672,BSE
KALYANI,Unknown,Unknown,Unknown,0,BSE
ARROWHEAD,Unknown,Unknown,Unknown,0,BSE
IREDA,Indian Renewable Energy Development Agency Limited,Credit Services,Financial Services,620200591360,BSE
FEDFINA,Fedbank Financial Services Limited,Credit Services,Financial Services,43774865408,BSE
TATATECH,Tata Technologies Limited,Information Technology Services,Technology,443964162048,BSE
GANDHAR,Gandhar Oil Refinery (India) Limited,Oil & Gas Refining & Marketing,Energy,20303089664,BSE
FLAIR,Flair Writing Industries Limited,Business Equipment & Supplies,Industrials,32314107904,BSE
SPL,Unknown,Unknown,Unknown,0,BSE
DEEPAKCHEM,Unknown,Unknown,Unknown,0,BSE
AMIC,Unknown,Unknown,Unknown,0,BSE
BAJEL,Bajel Projects Limited,Utilities—Regulated Electric,Utilities,32222711808,BSE
INDIASHLTR,India Shelter Finance Corporation Limited,Mortgage Finance,Financial Services,80901308416,BSE
DOMS,DOMS Industries Limited,Business Equipment & Supplies,Industrials,160720945152,BSE
INOXINDIA,INOX India Limited,Specialty Industrial Machinery,Industrials,106560880640,BSE
SIYARAM,Siyaram Silk Mills Ltd.,Unknown,Unknown,1018487296,BSE
BENCHMARK,Unknown,Unknown,Unknown,0,BSE
MOTISONS,Motisons Jewellers Limited,Luxury Goods,Consumer Cyclical,31227072512,BSE
SURAJEST,Unknown,Real Estate—Development,Real Estate,33905188864,BSE
MUTHOOTMF,Muthoot Microfin Limited,Credit Services,Financial Services,39166881792,BSE
SMARITIME,Unknown,Unknown,Unknown,0,BSE
HAPPYFORGE,Happy Forgings Limited,Metal Fabrication,Industrials,111727034368,BSE
MUFTI,Credo Brands Marketing Limited,Apparel Retail,Consumer Cyclical,12874719232,BSE
SHANTIDENM,Unknown,Unknown,Unknown,0,BSE
RBZJEWEL,RBZ Jewellers Limited,Luxury Goods,Consumer Cyclical,6675999744,BSE
AZAD,Azad Engineering Limited,Specialty Industrial Machinery,Industrials,85365129216,BSE
SUNCLAY,Sundaram-Clayton Limited,Metal Fabrication,Industrials,47876231168,BSE
INNOVACAP,Innova Captab Limited,Drug Manufacturers—Specialty & Generic,Healthcare,44349333504,BSE
AIKPIPES,Unknown,Unknown,Unknown,0,BSE
MCPL,Unknown,Unknown,Unknown,0,BSE
SBVCL,Unknown,Unknown,Unknown,0,BSE
DIGIDRIVE,Digidrive Distributors Limited,Internet Retail,Consumer Cyclical,1889597184,BSE
SHILINDORE,Unknown,Unknown,Unknown,0,BSE
JYOTICNC,Unknown,Specialty Industrial Machinery,Industrials,263480934400,BSE
SWANAGRO,Unknown,Unknown,Unknown,0,BSE
SHREE,Unknown,Unknown,Unknown,0,BSE
MEDIASSIST,Medi Assist Healthcare Services Limited,Healthcare Plans,Healthcare,46649974784,BSE
SHPLPUNE,Unknown,Unknown,Unknown,0,BSE
QLL,Unknown,Unknown,Unknown,0,BSE
NIFTYBETF,Unknown,Unknown,Unknown,0,BSE
BANKBETF,Unknown,Unknown,Unknown,0,BSE
EUPHORIAIT,Unknown,Unknown,Unknown,0,BSE
EPACK,EPACK Durable Limited,"Furnishings, Fixtures & Appliances",Consumer Cyclical,39725826048,BSE
NOVAAGRI,Nova Agritech Limited,Agricultural Inputs,Basic Materials,6066434048,BSE
BRISK,Unknown,Unknown,Unknown,0,BSE
NIFITETF,Unknown,Unknown,Unknown,0,BSE
HARSHDEEP,Unknown,Unknown,Unknown,0,BSE
MCFL,Unknown,Unknown,Unknown,0,BSE
BLSE,BLS E-Services Limited,Specialty Business Services,Industrials,20501760000,BSE
GPSL,Unknown,Unknown,Unknown,0,BSE
HEALTHADD,Unknown,Unknown,Unknown,0,BSE
HDFCPSUBK,Unknown,Unknown,Unknown,0,BSE
PARKHOTELS,Apeejay Surrendra Park Hotels Limited,Lodging,Consumer Cyclical,35368837120,BSE
JGTL,Unknown,Unknown,Unknown,0,BSE
SIGNPOST,Signpost India Limited,Advertising Agencies,Communication Services,13846221824,BSE
JSFB,Jana Small Finance Bank Limited,Banks—Regional,Financial Services,60128677888,BSE
RPTECH,Rashi Peripherals Limited,Electronics & Computer Distribution,Technology,25295599616,BSE
CAPITALSFB,Capital Small Finance Bank Limited,Banks—Regional,Financial Services,13552309248,BSE
RUDRAGAS,Unknown,Unknown,Unknown,0,BSE
ENTERO,Entero Healthcare Solutions Limited,Medical Distribution,Healthcare,60247609344,BSE
LICNMID100,Unknown,Unknown,Unknown,0,BSE
VSTL,Vibhor Steel Tubes Limited,Steel,Basic Materials,4789907968,BSE
JUNIPER,Unknown,Lodging,Consumer Cyclical,80879476736,BSE
SMALLCAP,Unknown,Unknown,Unknown,0,BSE
GPTHEALTH,GPT Healthcare Limited,Medical Care Facilities,Healthcare,15024237568,BSE
EXICOM,Unknown,Electrical Equipment & Parts,Industrials,37667192832,BSE
PLATIND,Platinum Industries Limited,Specialty Chemicals,Basic Materials,21132355584,BSE
MUKKA,Mukka Proteins Limited,Packaged Foods,Consumer Defensive,12597000192,BSE
RKSWAMY,R K Swamy Limited,Advertising Agencies,Communication Services,12379533312,BSE
JGCHEM,J.G. Chemicals Limited,Other Industrial Metals & Mining,Basic Materials,15243393024,BSE
KOURA,Unknown,Unknown,Unknown,0,BSE
GOPAL,Gopal Snacks Limited,Packaged Foods,Consumer Defensive,51673280512,BSE
PESB,Unknown,Unknown,Unknown,0,BSE
SCILAL,Shipping Corporation of India Land and Assets Limited,Real Estate Services,Real Estate,33067071488,BSE
ROYAL,Unknown,Unknown,Unknown,0,BSE
PVSL,Unknown,Auto & Truck Dealerships,Consumer Cyclical,15637962752,BSE
KRYSTAL,Unknown,Specialty Business Services,Industrials,10407009280,BSE
KPGEL,Unknown,Unknown,Unknown,0,BSE
CHATHA,Unknown,Unknown,Unknown,0,BSE
GCONNECT,Unknown,Unknown,Unknown,0,BSE
VRUDDHI,Unknown,Unknown,Unknown,0,BSE
SRM,SRM Contractors Limited,Engineering & Construction,Industrials,6216731136,BSE
JAYKAILASH,Unknown,Unknown,Unknown,0,BSE
DPABHUSHAN,D. P. Abhushan Limited,Luxury Goods,Consumer Cyclical,37350948864,BSE
BHARTIHEXA,Bharti Hexacom Limited,Telecom Services,Communication Services,699249983488,BSE
GVL,Unknown,Unknown,Unknown,0,BSE
FAALCON,Unknown,Unknown,Unknown,0,BSE
SHIVAM,Shivam Autotech Limited,Unknown,Unknown,5299999744,BSE
EMMFORCE,Unknown,Unknown,Unknown,0,BSE
JNKINDIA,JNK India Limited,Specialty Industrial Machinery,Industrials,36770975744,BSE
VARYAA,Unknown,Unknown,Unknown,0,BSE
AMKAY,Unknown,Unknown,Unknown,0,BSE
SAI,Unknown,Unknown,Unknown,0,BSE
STAL,Unknown,Unknown,Unknown,0,BSE
INDGN,Indegene Limited,Health Information Services,Healthcare,175384166400,BSE
FTL,Unknown,Unknown,Unknown,0,BSE
TBOTEK,TBO Tek Limited,Rental & Leasing Services,Industrials,196815847424,BSE
TGIF,Unknown,Unknown,Unknown,0,BSE
AADHARHFC,Unknown,Mortgage Finance,Financial Services,196933484544,BSE
AZTEC,Unknown,Unknown,Unknown,0,BSE
PIOTEX,Piotex Industries Limited,Unknown,Unknown,0,BSE
GODIGIT,Go Digit General Insurance Limited,Insurance—Property & Casualty,Financial Services,346977501184,BSE
MIDSMALL,Unknown,Unknown,Unknown,0,BSE
AWFIS,Unknown,Rental & Leasing Services,Industrials,49464279040,BSE
ASSOCIATED,Unknown,Unknown,Unknown,0,BSE
BOROSCI,Borosil Scientific Limited,Packaging & Containers,Consumer Cyclical,16763853824,BSE
ADTECH,Unknown,Unknown,Unknown,0,BSE
TOTEM,Unknown,Unknown,Unknown,0,BSE
KRONOX,Unknown,Specialty Chemicals,Basic Materials,6302114816,BSE
MAGENTA,Unknown,Unknown,Unknown,0,BSE
SATTRIX,Unknown,Unknown,Unknown,0,BSE
3CIT,Unknown,Unknown,Unknown,0,BSE
PURPLEFIN,Unknown,Unknown,Unknown,0,BSE
IXIGO,Le Travenues Technology Limited,Travel Services,Consumer Cyclical,58709749760,BSE
MID150CASE,Zerodha Nifty Midcap 150 ETF,Unknown,Unknown,0,BSE
TOP100CASE,Zerodha Mutual Fund - Zerodha Nifty 100 Etf,Unknown,Unknown,0,BSE
COTFAB,Unknown,Unknown,Unknown,0,BSE
BBNPNBETF,Unknown,Unknown,Unknown,0,BSE
RETAIL,JHS Svendgaard Retail Ventures Limited,Unknown,Unknown,338369280,BSE
DEEDEV,DEE Development Engineers Limited,Metal Fabrication,Industrials,19421456384,BSE
GEMENVIRO,Unknown,Unknown,Unknown,0,BSE
AFIL,Akme Fintrade (India) Limited,Credit Services,Financial Services,4596097536,BSE
DFPL,Unknown,Unknown,Unknown,0,BSE
STANLEY,Unknown,"Furnishings, Fixtures & Appliances",Consumer Cyclical,27787333632,BSE
ABDL,Unknown,Beverages—Wineries & Distilleries,Consumer Defensive,95688949760,BSE
VRAJ,Unknown,Steel,Basic Materials,8667827200,BSE
NPL,Unknown,Unknown,Unknown,0,BSE
RELIABLE,Reliable Data Services Limited,Information Technology Services,Technology,825704000,BSE
BANSALWIRE,Unknown,Steel,Basic Materials,68274073600,BSE
EMCURE,Unknown,Drug Manufacturers—Specialty & Generic,Healthcare,282465140736,BSE
EVINDIA,Unknown,Unknown,Unknown,0,BSE
ACLD,Unknown,Unknown,Unknown,0,BSE
THREEMPAPE,Unknown,Unknown,Unknown,0,BSE
SBINEQWETF,Unknown,Unknown,Unknown,0,BSE
OILIETF,Unknown,Unknown,Unknown,0,BSE
SANSTAR,Sanstar Limited,Chemicals,Basic Materials,24595681280,BSE
ABSLPSE,Unknown,Unknown,Unknown,0,BSE
VVIPIL,Unknown,Unknown,Unknown,0,BSE
CTLLAB,Unknown,Unknown,Unknown,0,BSE
KIZI,Unknown,Unknown,Unknown,0,BSE
AKUMS,Unknown,Drug Manufacturers—Specialty & Generic,Healthcare,136555028480,BSE
CEIGALL,Unknown,Engineering & Construction,Industrials,66859872256,BSE
AFCOM,Unknown,Unknown,Unknown,0,BSE
OLAELEC,Ola Electric Mobility Limited,Auto Manufacturers,Consumer Cyclical,423734083584,BSE
FIRSTCRY,Brainbees Solutions Limited,Internet Retail,Consumer Cyclical,301592477696,BSE
UNIECOM,Unknown,Software—Application,Technology,21863462912,BSE
METALIETF,Unknown,Unknown,Unknown,0,BSE
SSDL,Unknown,Apparel Retail,Consumer Cyclical,6050849792,BSE
BROACH,Unknown,Unknown,Unknown,0,BSE
INTERARCH,Unknown,Engineering & Construction,Industrials,24131076096,BSE
MFML,Mahalaxmi Fabric Mills Limited,Unknown,Unknown,591444480,BSE
GLOBALE,Globale Tessile Limited,Unknown,Unknown,376171008,BSE
ORIENTTECH,Unknown,Information Technology Services,Technology,11353609216,BSE
RAL,Unknown,Unknown,Unknown,0,BSE
RAPID,Unknown,Unknown,Unknown,0,BSE
PREMIERENE,Unknown,Solar,Technology,496521904128,BSE
ECOSMOBLTY,Ecos (India) Mobility & Hospitality Limited,Rental & Leasing Services,Industrials,28238987264,BSE
RAYMONDLSL,Raymond Lifestyle Limited,Unknown,Unknown,144438099968,BSE
MULTICAP,Unknown,Unknown,Unknown,0,BSE
TRAVELS,Unknown,Unknown,Unknown,0,BSE
STYLEBAAZA,Baazar Style Retail Limited,Apparel Retail,Consumer Cyclical,28865740800,BSE
GALAPREC,Unknown,Specialty Industrial Machinery,Industrials,10129038336,BSE
NHL,Unknown,Unknown,Unknown,0,BSE
REVATHIEQU,Revathi Equipment India Limited,Unknown,Unknown,7903197184,BSE
TOP10ADD,Unknown,Unknown,Unknown,0,BSE
MCEL,Unknown,Unknown,Unknown,0,BSE
BALAJEE,Unknown,Unknown,Unknown,0,BSE
SANOFICONR,Unknown,Unknown,Unknown,0,BSE
SSL,Unknown,Unknown,Unknown,0,BSE
BAJAJHFL,Unknown,Unknown,Unknown,0,BSE
KROSS,Unknown,Unknown,Unknown,0,BSE
TOLINS,Unknown,Unknown,Unknown,0,BSE
PNGJL,Unknown,Unknown,Unknown,0,BSE
SAFE,Unknown,Unknown,Unknown,0,BSE
WCIL,Unknown,Unknown,Unknown,0,BSE
PFL,Unknown,Unknown,Unknown,0,BSE
NORTHARC,Unknown,Unknown,Unknown,0,BSE
ARKADE,Unknown,Unknown,Unknown,0,BSE
MANBA,Unknown,Unknown,Unknown,0,BSE
SENSEXIETF,Unknown,Unknown,Unknown,0,BSE
FELDVR,Future Enterprises Limited,Department Stores,Consumer Cyclical,600322048,BSE
JISLDVREQS,Jain Irrigation Systems Limited,Conglomerates,Industrials,44252262400,BSE
GATECHDVR,GACM Technologies Limited,Asset Management,Financial Services,715046784,BSE
KARURVYSYA,The Karur Vysya Bank Limited,Banks—Regional,Financial Services,172052398080,BSE
TIDEWATER,Veedol Corporation Limited,Specialty Chemicals,Basic Materials,38908973056,BSE
AMRUTANJAN,Amrutanjan Health Care Limited,Drug Manufacturers—Specialty & Generic,Healthcare,22955741184,BSE
XPROINDIA,Xpro India Limited,Specialty Chemicals,Basic Materials,25196564480,BSE
HISARMETAL,Unknown,Steel,Basic Materials,1067849984,BSE
BHARATRAS,Bharat Rasayan Limited,Agricultural Inputs,Basic Materials,48563888128,BSE
FACT,The Fertilisers and Chemicals Travancore Limited,Agricultural Inputs,Basic Materials,629439266816,BSE
GINNIFILA,Ginni Filaments Limited,Textile Manufacturing,Consumer Cyclical,2638879488,BSE
SPIC,Southern Petrochemical Industries Corporation Limited,Agricultural Inputs,Basic Materials,17596532736,BSE
DENORA,De Nora India Limited,Electrical Equipment & Parts,Industrials,8164938752,BSE
KAVVERITEL,Kavveri Telecom Products Limited,Communication Equipment,Technology,909417088,BSE
SAKSOFT,Saksoft Limited,Information Technology Services,Technology,34404323328,BSE
SALONA,Salona Cotspin Limited,Textile Manufacturing,Consumer Cyclical,1523727872,BSE
EQUIPPP,Equippp Social Impact Technologies Limited,Agricultural Inputs,Basic Materials,2192830720,BSE
ANDHRSUGAR,The Andhra Sugars Limited,Chemicals,Basic Materials,15315456000,BSE
IMPAL,India Motor Parts & Accessories Limited,Auto Parts,Consumer Cyclical,17057715200,BSE
KCP,The KCP Limited,Building Materials,Basic Materials,32584781824,BSE
KHAITANLTD,Khaitan (India) Limited,"Furnishings, Fixtures & Appliances",Consumer Cyclical,436952480,BSE
RADAAN,Radaan Mediaworks India Limited,Entertainment,Communication Services,190106864,BSE
SUNDARMFIN,Sundaram Finance Limited,Credit Services,Financial Services,578680455168,BSE
SUNDRMBRAK,Sundaram Brake Linings Limited,Auto Parts,Consumer Cyclical,3836412160,BSE
WHEELS,Wheels India Limited,Auto Parts,Consumer Cyclical,18626496512,BSE
LAMBODHARA,Lambodhara Textiles Limited,Textile Manufacturing,Consumer Cyclical,1816598912,BSE
MAITHANALL,Maithan Alloys Limited,Steel,Basic Materials,34430287872,BSE
ORISSAMINE,The Orissa Minerals Development Company Limited,Other Industrial Metals & Mining,Basic Materials,55652999168,BSE
NIFTYBEES,Nippon India ETF Nifty BeES,Unknown,Unknown,0,BSE
JUNIORBEES,Nippon India ETF Junior BeES,Unknown,Unknown,0,BSE
BANKBEES,Nippon India ETF Bank BeES,Unknown,Unknown,0,BSE
PSUBANK,Unknown,Unknown,Unknown,0,BSE
PSUBNKBEES,Nippon India ETF PSU Bank BeES,Unknown,Unknown,0,BSE
SHARIABEES,Nippon India ETF Shariah BeES,Unknown,Unknown,0,BSE
QNIFTY,Quantum Nifty Exchange Traded Scheme,Unknown,Unknown,0,BSE
MOM50,Unknown,Unknown,Unknown,0,BSE
MADRASFERT,Madras Fertilizers Limited,Agricultural Inputs,Basic Materials,17020319744,BSE
BANKNIFTY1,Unknown,Unknown,Unknown,0,BSE
SETFNIFBK,Unknown,Unknown,Unknown,0,BSE
SETFNIF50,Unknown,Unknown,Unknown,0,BSE
ADVCAP-RE,Unknown,Unknown,Unknown,0,BSE
RAPINV-RE,Unknown,Unknown,Unknown,0,BSE
NARMA-RE,Unknown,Unknown,Unknown,0,BSE
HASJUICE,Unknown,Unknown,Unknown,0,BSE
WEBSL,Unknown,Unknown,Unknown,0,BSE
ADHIRAJ,Unknown,Unknown,Unknown,0,BSE
AIRTELPP,Unknown,Unknown,Unknown,0,BSE
AURUMPP,Aurum PropTech Limited,Unknown,Unknown,0,BSE
GRASIMPP,Unknown,Unknown,Unknown,0,BSE
SKIPPERPP,Skipper Limited,Engineering & Construction,Industrials,50708185088,BSE
AMPVOLTSPP,Unknown,Unknown,Unknown,0,BSE
ADROITPP,Adroit Infotech Limited,Information Technology Services,Technology,1107922176,BSE
YARNPP,Unknown,Unknown,Unknown,0,BSE
IYKOTPP,Unknown,Unknown,Unknown,0,BSE
SOLARAPP,Solara Active Pharma Sciences Limited,Drug Manufacturers—Specialty & Generic,Healthcare,33959366656,BSE
SOBHAPP,Sobha Limited,Real Estate—Development,Real Estate,189833723904,BSE
SHARATPP,Unknown,Unknown,Unknown,0,BSE
AFELPP,Unknown,Unknown,Unknown,0,BSE
